admin1pcode,admin2pcode,admin3pcode,admin4pcode,beneficiaries,beneficiary_frequencies,clusters,total_pop,wounded_dead,wounded_dead_100k,damaged_houses,damaged_houses_100k,eq_score
SY02,SY0200,SY020001,C1020,11659,31305,7,21115,NA,NA,NA,NA,NA
SY02,SY0200,SY020001,C1021,11805,91568,7,9086,NA,NA,NA,NA,NA
SY02,SY0200,SY020001,C1022,4250,72195,6,32930,616,1870.6346796234438,170,516.246583662314,0.09925685471501419
SY02,SY0200,SY020001,C1023,3684,6653,4,10770,NA,NA,NA,NA,NA
SY02,SY0200,SY020001,C1025,9210,44137,6,24581,NA,NA,NA,NA,NA
SY02,SY0200,SY020001,C1026,5819,39937,5,20148,NA,NA,NA,NA,NA
SY02,SY0200,SY020001,C1028,1,2,1,1371,NA,NA,NA,NA,NA
SY02,SY0200,SY020001,C1030,5000,10095,5,14962,NA,NA,NA,NA,NA
SY02,SY0200,SY020001,C1032,5000,20648,6,8298,NA,NA,NA,NA,NA
SY02,SY0200,SY020001,C1033,460,1000,1,904,NA,NA,NA,NA,NA
SY02,SY0200,SY020001,C1035,12615,55261,7,17380,NA,NA,NA,NA,NA
SY02,SY0200,SY020001,C1036,3256,14988,6,9394,NA,NA,NA,NA,NA
SY02,SY0200,SY020001,C1037,1055,1060,1,1196,NA,NA,NA,NA,NA
SY02,SY0200,SY020001,C1038,3252,10736,5,8257,NA,NA,NA,NA,NA
SY02,SY0200,SY020001,C1041,685,1174,2,4100,NA,NA,NA,NA,NA
SY02,SY0200,SY020004,C1138,2810,10542,5,8076,NA,NA,NA,NA,NA
SY02,SY0200,SY020004,C1139,10360,71169,6,39110,0,0,6,15.341344924571722,7.968389517551651e-4
SY02,SY0200,SY020004,C1142,650,846,2,1288,NA,NA,NA,NA,NA
SY02,SY0200,SY020004,C1143,1770,3956,4,1450,NA,NA,NA,NA,NA
SY02,SY0200,SY020004,C1149,1690,2842,3,4836,NA,NA,NA,NA,NA
SY02,SY0202,SY020200,C1187,15184,17001,3,2579,NA,NA,NA,NA,NA
SY02,SY0202,SY020200,C1188,45500,123347,6,25675,0,0,50,194.74196689386562,0.007087911775507412
SY02,SY0202,SY020200,C1189,2,5,1,0,NA,NA,NA,NA,NA
SY02,SY0202,SY020200,C1190,5530,14163,4,4455,NA,NA,NA,NA,NA
SY02,SY0202,SY020200,C1191,8566,8855,1,1609,NA,NA,NA,NA,NA
SY02,SY0202,SY020200,C1192,3489,9028,2,2390,NA,NA,NA,NA,NA
SY02,SY0202,SY020200,C1193,2550,2550,1,2102,NA,NA,NA,NA,NA
SY02,SY0202,SY020200,C1194,8775,8782,2,400,NA,NA,NA,NA,NA
SY02,SY0202,SY020200,C1195,1200,1258,1,1083,NA,NA,NA,NA,NA
SY02,SY0202,SY020200,C1196,341,777,1,1643,NA,NA,NA,NA,NA
SY02,SY0202,SY020200,C1198,2373,7643,4,3623,NA,NA,NA,NA,NA
SY02,SY0202,SY020200,C1199,343,2527,2,1602,NA,NA,NA,NA,NA
SY02,SY0202,SY020200,C1200,2260,2260,1,1930,NA,NA,NA,NA,NA
SY02,SY0202,SY020200,C1202,134894,838611,6,100527,149,148.218886468312,657,653.5557611387985,0.09674307356060725
SY02,SY0202,SY020200,C1204,285,1695,2,2029,NA,NA,NA,NA,NA
SY02,SY0202,SY020200,C1206,3328,5524,2,2501,NA,NA,NA,NA,NA
SY02,SY0202,SY020200,C1209,25600,342619,6,28005,0,0,40,142.83163720764148,0.005583605657672317
SY02,SY0202,SY020200,C1211,1802,1803,2,1853,NA,NA,NA,NA,NA
SY02,SY0202,SY020200,C1213,1158,1159,2,1199,NA,NA,NA,NA,NA
SY02,SY0202,SY020200,C1214,5774,6152,1,411,NA,NA,NA,NA,NA
SY02,SY0202,SY020201,C1219,730,855,1,1440,NA,NA,NA,NA,NA
SY02,SY0202,SY020203,C1250,12972,63488,3,5471,57,1041.8570645220252,85,1553.646499725827,0.033154984714385986
SY02,SY0202,SY020203,C1256,1,2,1,722,NA,NA,NA,NA,NA
SY02,SY0202,SY020206,C1322,2700,2760,1,2150,NA,NA,NA,NA,NA
SY02,SY0202,SY020206,C1327,3480,3480,1,1059,NA,NA,NA,NA,NA
SY02,SY0202,SY020206,C1328,1600,2245,1,1246,NA,NA,NA,NA,NA
SY02,SY0202,SY020206,C1329,925,1446,2,3370,NA,NA,NA,NA,NA
SY02,SY0202,SY020206,C1330,1640,1997,1,1644,NA,NA,NA,NA,NA
SY02,SY0202,SY020206,C1332,1070,1070,1,400,NA,NA,NA,NA,NA
SY02,SY0202,SY020206,C1333,4874,7737,3,2458,NA,NA,NA,NA,NA
SY02,SY0202,SY020206,C1337,4540,4540,1,1499,NA,NA,NA,NA,NA
SY02,SY0202,SY020206,C1339,10690,10903,2,2466,NA,NA,NA,NA,NA
SY02,SY0202,SY020206,C1341,1240,1240,1,1064,NA,NA,NA,NA,NA
SY02,SY0202,SY020206,C1342,2600,2640,1,757,NA,NA,NA,NA,NA
SY02,SY0202,SY020206,C1343,1920,2572,1,1188,NA,NA,NA,NA,NA
SY02,SY0202,SY020206,C1344,3790,3933,1,1907,NA,NA,NA,NA,NA
SY02,SY0202,SY020206,C1345,2300,3098,2,3793,NA,NA,NA,NA,NA
SY02,SY0202,SY020206,C1346,1470,9148,3,1480,NA,NA,NA,NA,NA
SY02,SY0203,SY020300,C1351,840,1105,2,541,NA,NA,NA,NA,NA
SY02,SY0203,SY020300,C1352,308,333,2,3305,NA,NA,NA,NA,NA
SY02,SY0203,SY020300,C1353,16255,21297,1,2014,NA,NA,NA,NA,NA
SY02,SY0203,SY020300,C1355,655,655,1,651,NA,NA,NA,NA,NA
SY02,SY0203,SY020300,C1356,355,355,1,1175,NA,NA,NA,NA,NA
SY02,SY0203,SY020300,C1359,2008,3451,3,2612,NA,NA,NA,NA,NA
SY02,SY0203,SY020300,C1362,1101,4257,3,1121,NA,NA,NA,NA,NA
SY02,SY0203,SY020300,C1363,5,5,1,1094,NA,NA,NA,NA,NA
SY02,SY0203,SY020300,C1364,739,2916,2,5095,NA,NA,NA,NA,NA
SY02,SY0203,SY020300,C1365,1539,1539,1,1200,NA,NA,NA,NA,NA
SY02,SY0203,SY020300,C1366,24000,328268,8,104803,186,177.4758356153927,434,414.11028310258297,0.07335054637491813
SY02,SY0203,SY020300,C1367,24,24,1,9021,NA,NA,NA,NA,NA
SY02,SY0203,SY020300,C1370,29,39,2,2088,NA,NA,NA,NA,NA
SY02,SY0203,SY020300,C1372,50,50,1,168,NA,NA,NA,NA,NA
SY02,SY0203,SY020300,C1373,51,227,1,2056,NA,NA,NA,NA,NA
SY02,SY0203,SY020300,C1374,65,271,2,886,NA,NA,NA,NA,NA
SY02,SY0203,SY020300,C1376,255,261,2,7423,NA,NA,NA,NA,NA
SY02,SY0203,SY020300,C1378,365,1650,4,5353,NA,NA,NA,NA,NA
SY02,SY0203,SY020300,C1381,717,2901,4,899,NA,NA,NA,NA,NA
SY02,SY0203,SY020300,C1382,23,38,2,472,NA,NA,NA,NA,NA
SY02,SY0203,SY020300,C1386,361,1490,2,11288,NA,NA,NA,NA,NA
SY02,SY0203,SY020300,C1388,125,125,1,1547,NA,NA,NA,NA,NA
SY02,SY0203,SY020300,C1389,1805,1805,1,364,NA,NA,NA,NA,NA
SY02,SY0203,SY020300,C1390,2796,2796,1,1560,NA,NA,NA,NA,NA
SY02,SY0203,SY020301,C1391,21522,55308,3,7998,0,0,20,250.06251562890722,0.003987065125954636
SY02,SY0203,SY020301,C1392,585,897,2,720,NA,NA,NA,NA,NA
SY02,SY0203,SY020301,C1393,45,45,1,446,NA,NA,NA,NA,NA
SY02,SY0203,SY020301,C1394,535,1010,2,1506,NA,NA,NA,NA,NA
SY02,SY0203,SY020301,C1395,295,405,2,1383,NA,NA,NA,NA,NA
SY02,SY0203,SY020301,C1396,350,350,1,423,NA,NA,NA,NA,NA
SY02,SY0203,SY020301,C1397,165,345,2,437,NA,NA,NA,NA,NA
SY02,SY0203,SY020301,C1398,445,514,3,480,NA,NA,NA,NA,NA
SY02,SY0203,SY020301,C1399,65,160,3,1106,NA,NA,NA,NA,NA
SY02,SY0203,SY020301,C1400,190,195,2,520,NA,NA,NA,NA,NA
SY02,SY0203,SY020301,C1401,395,470,2,1270,0,0,10,787.4015748031496,0.0064252196851625545
SY02,SY0203,SY020301,C1402,85,175,2,190,NA,NA,NA,NA,NA
SY02,SY0203,SY020301,C1403,275,340,2,726,NA,NA,NA,NA,NA
SY02,SY0203,SY020301,C1404,345,522,3,863,NA,NA,NA,NA,NA
SY02,SY0203,SY020301,C1405,23,61,2,371,NA,NA,NA,NA,NA
SY02,SY0203,SY020301,C1406,505,580,2,1264,NA,NA,NA,NA,NA
SY02,SY0203,SY020301,C1407,85,190,2,382,0,0,10,2617.801047120419,0.018671779595638628
SY02,SY0203,SY020301,C1408,100,215,2,251,NA,NA,NA,NA,NA
SY02,SY0203,SY020301,C1409,155,155,1,290,NA,NA,NA,NA,NA
SY02,SY0203,SY020301,C1410,70,160,1,1068,NA,NA,NA,NA,NA
SY02,SY0203,SY020301,C1411,65,70,2,281,NA,NA,NA,NA,NA
SY02,SY0203,SY020301,C1412,245,305,2,1047,NA,NA,NA,NA,NA
SY02,SY0203,SY020301,C1413,480,685,2,1196,NA,NA,NA,NA,NA
SY02,SY0203,SY020301,C1414,355,480,2,1366,NA,NA,NA,NA,NA
SY02,SY0203,SY020301,C1415,95,250,2,483,NA,NA,NA,NA,NA
SY02,SY0203,SY020301,C1416,785,920,2,2377,NA,NA,NA,NA,NA
SY02,SY0203,SY020301,C1417,180,195,2,384,NA,NA,NA,NA,NA
SY02,SY0203,SY020301,C1418,295,390,2,1076,NA,NA,NA,NA,NA
SY02,SY0203,SY020302,C1419,750,1165,2,386,NA,NA,NA,NA,NA
SY02,SY0203,SY020302,C1420,1000,4317,3,677,NA,NA,NA,NA,NA
SY02,SY0203,SY020302,C1421,635,2429,4,527,NA,NA,NA,NA,NA
SY02,SY0203,SY020302,C1422,990,4770,4,907,NA,NA,NA,NA,NA
SY02,SY0203,SY020302,C1423,1380,4018,5,1712,NA,NA,NA,NA,NA
SY02,SY0203,SY020302,C1424,2000,26934,4,13499,NA,NA,NA,NA,NA
SY02,SY0203,SY020302,C1425,1050,1050,1,865,NA,NA,NA,NA,NA
SY02,SY0203,SY020302,C1426,44000,818972,7,45702,1930,4223.00993391974,1388,3037.0662115443524,0.40835983866965375
SY02,SY0203,SY020302,C1427,1750,9876,5,810,NA,NA,NA,NA,NA
SY02,SY0203,SY020302,C1428,1050,2600,4,380,NA,NA,NA,NA,NA
SY02,SY0203,SY020302,C1429,1200,3730,3,1025,NA,NA,NA,NA,NA
SY02,SY0203,SY020302,C1430,401,727,3,383,NA,NA,NA,NA,NA
SY02,SY0203,SY020302,C1431,1078,2461,3,610,NA,NA,NA,NA,NA
SY02,SY0203,SY020302,C1432,156,175,2,200,NA,NA,NA,NA,NA
SY02,SY0203,SY020302,C1433,5000,12068,5,959,NA,NA,NA,NA,NA
SY02,SY0203,SY020302,C1434,2590,4602,3,537,NA,NA,NA,NA,NA
SY02,SY0203,SY020302,C1435,3738,23264,5,6916,NA,NA,NA,NA,NA
SY02,SY0203,SY020302,C1436,836,2649,4,836,NA,NA,NA,NA,NA
SY02,SY0203,SY020302,C1437,1214,6186,5,1904,NA,NA,NA,NA,NA
SY02,SY0203,SY020302,C1438,305,1472,4,343,NA,NA,NA,NA,NA
SY02,SY0203,SY020302,C1439,574,1593,2,704,NA,NA,NA,NA,NA
SY02,SY0203,SY020302,C1441,255,255,1,1595,NA,NA,NA,NA,NA
SY02,SY0203,SY020302,C1442,8,8,1,466,NA,NA,NA,NA,NA
SY02,SY0203,SY020302,C1444,1460,4853,4,962,NA,NA,NA,NA,NA
SY02,SY0203,SY020302,C1445,313,906,4,330,NA,NA,NA,NA,NA
SY02,SY0203,SY020302,C1446,2800,2953,2,4172,NA,NA,NA,NA,NA
SY02,SY0203,SY020302,C1447,630,2508,4,1497,NA,NA,NA,NA,NA
SY02,SY0203,SY020302,C1448,105,105,1,912,NA,NA,NA,NA,NA
SY02,SY0203,SY020302,C1449,21560,54970,4,5186,NA,NA,NA,NA,NA
SY02,SY0203,SY020303,C1451,250,250,1,334,NA,NA,NA,NA,NA
SY02,SY0203,SY020303,C1452,796,1377,3,1815,NA,NA,NA,NA,NA
SY02,SY0203,SY020303,C1453,1,2,1,834,NA,NA,NA,NA,NA
SY02,SY0203,SY020303,C1454,207,207,1,309,NA,NA,NA,NA,NA
SY02,SY0203,SY020303,C1455,1,2,1,1222,NA,NA,NA,NA,NA
SY02,SY0203,SY020303,C1456,305,305,1,0,NA,NA,NA,NA,NA
SY02,SY0203,SY020303,C1457,1133,1135,2,1492,NA,NA,NA,NA,NA
SY02,SY0203,SY020303,C1458,79,79,1,280,NA,NA,NA,NA,NA
SY02,SY0203,SY020303,C1460,764,764,1,422,NA,NA,NA,NA,NA
SY02,SY0203,SY020303,C1461,362,362,1,1000,NA,NA,NA,NA,NA
SY02,SY0203,SY020303,C1464,210,210,1,377,0,0,10,2652.5198938992044,0.018904071203852846
SY02,SY0203,SY020303,C1465,2,2,1,1129,NA,NA,NA,NA,NA
SY02,SY0203,SY020303,C1467,8,16,1,357,NA,NA,NA,NA,NA
SY02,SY0203,SY020303,C1468,543,543,1,606,NA,NA,NA,NA,NA
SY02,SY0203,SY020303,C1469,802,802,1,1926,NA,NA,NA,NA,NA
SY02,SY0203,SY020303,C1473,87,345,1,5160,NA,NA,NA,NA,NA
SY02,SY0203,SY020303,C1476,1,2,1,826,NA,NA,NA,NA,NA
SY02,SY0203,SY020303,C1478,1,2,1,1396,NA,NA,NA,NA,NA
SY02,SY0203,SY020303,C1480,5,5,1,47,NA,NA,NA,NA,NA
SY02,SY0203,SY020303,C1481,528,530,2,792,NA,NA,NA,NA,NA
SY02,SY0203,SY020303,C1484,9462,32541,5,8482,5,58.948361235557655,18,212.21410044800754,0.004416656023384322
SY02,SY0203,SY020303,C1487,752,752,1,1352,NA,NA,NA,NA,NA
SY02,SY0203,SY020303,C1491,809,1215,3,1728,NA,NA,NA,NA,NA
SY02,SY0203,SY020304,C1493,125,131,2,1354,NA,NA,NA,NA,NA
SY02,SY0203,SY020304,C1494,350,362,1,3471,NA,NA,NA,NA,NA
SY02,SY0203,SY020304,C1495,47,47,1,253,NA,NA,NA,NA,NA
SY02,SY0203,SY020304,C1496,69,69,1,136,NA,NA,NA,NA,NA
SY02,SY0203,SY020304,C1497,18889,85318,5,5668,0,0,15,264.6436132674665,0.0035061259602535764
SY02,SY0203,SY020304,C1498,525,4335,2,2257,0,0,30,1329.198050509526,0.012364174261503727
SY02,SY0203,SY020304,C1499,660,909,3,327,NA,NA,NA,NA,NA
SY02,SY0203,SY020304,C1500,160,160,1,571,NA,NA,NA,NA,NA
SY02,SY0203,SY020304,C1501,183,204,2,1110,NA,NA,NA,NA,NA
SY02,SY0203,SY020304,C1502,1,1,1,2433,0,0,40,1644.0608302507192,0.01562780285615741
SY02,SY0203,SY020304,C1504,155,295,1,725,NA,NA,NA,NA,NA
SY02,SY0203,SY020304,C1505,510,1760,2,4053,0,0,24,592.1539600296077,0.006738675749543753
SY02,SY0203,SY020304,C1506,405,434,2,1980,NA,NA,NA,NA,NA
SY02,SY0203,SY020304,C1507,210,210,1,694,NA,NA,NA,NA,NA
SY02,SY0203,SY020304,C1508,1340,1381,2,1388,NA,NA,NA,NA,NA
SY02,SY0203,SY020304,C1510,245,258,2,756,NA,NA,NA,NA,NA
SY02,SY0203,SY020304,C1511,195,197,2,679,NA,NA,NA,NA,NA
SY02,SY0203,SY020304,C1512,182,182,1,746,NA,NA,NA,NA,NA
SY02,SY0203,SY020304,C1514,250,390,1,206,NA,NA,NA,NA,NA
SY02,SY0203,SY020304,C1515,897,3228,3,1904,NA,NA,NA,NA,NA
SY02,SY0203,SY020304,C1517,680,805,2,515,NA,NA,NA,NA,NA
SY02,SY0203,SY020304,C1518,2109,8585,3,3734,NA,NA,NA,NA,NA
SY02,SY0203,SY020304,C1519,221,566,1,1037,NA,NA,NA,NA,NA
SY02,SY0203,SY020304,C1520,1236,9101,4,3190,0,0,31,971.7868338557994,0.010088560591242236
SY02,SY0203,SY020304,C1521,1730,22075,3,2558,NA,NA,NA,NA,NA
SY02,SY0203,SY020304,C1522,525,615,2,1000,NA,NA,NA,NA,NA
SY02,SY0203,SY020304,C1523,990,1040,2,837,NA,NA,NA,NA,NA
SY02,SY0203,SY020304,C1524,2365,40923,7,5230,NA,NA,NA,NA,NA
SY02,SY0203,SY020305,C1525,3000,13640,1,3740,28,748.663101604278,400,10695.1871657754,0.12579030762653096
SY02,SY0203,SY020305,C1526,115,115,1,755,NA,NA,NA,NA,NA
SY02,SY0203,SY020305,C1527,135,135,1,1019,6,588.8125613346418,42,4121.687929342493,0.03704012139519363
SY02,SY0203,SY020305,C1528,165,165,1,961,18,1873.0489073881372,49,5098.855359001041,0.05431754223431302
SY02,SY0203,SY020305,C1529,155,155,1,1113,6,539.0835579514825,80,7187.780772686433,0.06161421943648295
SY02,SY0203,SY020305,C1530,145,145,1,1182,30,2538.0710659898477,40,3384.09475465313,0.047541477336402044
SY02,SY0203,SY020305,C1531,65,65,1,344,NA,NA,NA,NA,NA
SY02,SY0203,SY020305,C1532,50,50,1,461,NA,NA,NA,NA,NA
SY02,SY0203,SY020305,C1533,35,35,1,495,0,0,42,8484.848484848486,0.061628508577867135
SY02,SY0203,SY020305,C1534,25,25,1,244,0,0,20,8196.721311475409,0.057155367730544304
SY02,SY0203,SY020306,C1535,655,1722,2,625,NA,NA,NA,NA,NA
SY02,SY0203,SY020306,C1537,8,8,1,351,NA,NA,NA,NA,NA
SY02,SY0203,SY020306,C1538,250,680,1,1032,4,387.5968992248062,11,1065.891472868217,0.01144004983146944
SY02,SY0203,SY020306,C1541,109,109,1,405,NA,NA,NA,NA,NA
SY02,SY0203,SY020306,C1542,800,1609,1,1404,NA,NA,NA,NA,NA
SY02,SY0203,SY020306,C1543,2345,3717,2,1685,NA,NA,NA,NA,NA
SY02,SY0203,SY020306,C1544,693,709,2,1055,NA,NA,NA,NA,NA
SY02,SY0203,SY020306,C1545,119,119,1,520,NA,NA,NA,NA,NA
SY02,SY0203,SY020306,C1547,1661,8759,3,1419,NA,NA,NA,NA,NA
SY02,SY0203,SY020306,C1548,1250,3134,2,1327,NA,NA,NA,NA,NA
SY02,SY0203,SY020306,C1549,267,267,1,570,NA,NA,NA,NA,NA
SY02,SY0203,SY020306,C1550,275,514,2,471,NA,NA,NA,NA,NA
SY02,SY0203,SY020306,C1551,400,800,1,793,NA,NA,NA,NA,NA
SY02,SY0203,SY020306,C1552,3321,31680,6,4658,6,128.81064834693,59,1266.6380420781452,0.016791050958364126
SY02,SY0203,SY020306,C1553,176,176,1,624,NA,NA,NA,NA,NA
SY02,SY0203,SY020306,C1555,600,1681,2,704,3,426.1363636363636,55,7812.5,0.061827845368541315
SY02,SY0204,SY020400,C1556,460,545,3,614,NA,NA,NA,NA,NA
SY02,SY0204,SY020400,C1557,24991,111072,7,23834,NA,NA,NA,NA,NA
SY02,SY0204,SY020400,C1558,3874,13115,4,5938,NA,NA,NA,NA,NA
SY02,SY0204,SY020400,C1559,3064,49224,5,2599,NA,NA,NA,NA,NA
SY02,SY0204,SY020400,C1560,124,157,1,350,NA,NA,NA,NA,NA
SY02,SY0204,SY020400,C1561,9453,168229,8,43263,0,0,0,0,0
SY02,SY0204,SY020400,C1562,92,114,1,1413,NA,NA,NA,NA,NA
SY02,SY0204,SY020400,C1564,151000,727418,8,116540,163,139.86614038098506,83,71.22018191178995,0.02782150047720691
SY02,SY0204,SY020400,C1565,20,32,1,703,NA,NA,NA,NA,NA
SY02,SY0204,SY020400,C1566,8325,146398,7,56073,NA,NA,NA,NA,NA
SY02,SY0204,SY020400,C1568,1745,4345,4,5496,NA,NA,NA,NA,NA
SY02,SY0204,SY020400,C1571,982,1217,3,982,NA,NA,NA,NA,NA
SY02,SY0204,SY020400,C1572,1250,8470,4,633,NA,NA,NA,NA,NA
SY02,SY0204,SY020400,C1573,2928,12836,4,4641,NA,NA,NA,NA,NA
SY02,SY0204,SY020400,C1574,8083,32315,5,7214,NA,NA,NA,NA,NA
SY02,SY0204,SY020400,C1575,13000,26515,5,13000,NA,NA,NA,NA,NA
SY02,SY0204,SY020401,C1576,824,1252,2,824,NA,NA,NA,NA,NA
SY02,SY0204,SY020401,C1577,1650,5218,3,2089,NA,NA,NA,NA,NA
SY02,SY0204,SY020401,C1578,128,651,1,1500,NA,NA,NA,NA,NA
SY02,SY0204,SY020401,C1579,1500,2227,4,7782,NA,NA,NA,NA,NA
SY02,SY0204,SY020401,C1581,18778,69348,6,16500,10,60.60606060606061,6,36.36363636363636,0.002378122323383799
SY02,SY0204,SY020401,C1582,1952,9847,3,1967,NA,NA,NA,NA,NA
SY02,SY0204,SY020401,C1583,275,384,2,840,NA,NA,NA,NA,NA
SY02,SY0204,SY020401,C1584,15,17,2,1046,NA,NA,NA,NA,NA
SY02,SY0204,SY020401,C1585,29,120,1,2115,NA,NA,NA,NA,NA
SY02,SY0204,SY020401,C1586,20,20,1,358,NA,NA,NA,NA,NA
SY02,SY0204,SY020401,C1588,2030,8990,3,1705,NA,NA,NA,NA,NA
SY02,SY0204,SY020401,C1591,2843,13569,5,3885,NA,NA,NA,NA,NA
SY02,SY0204,SY020401,C1592,130,287,2,1579,NA,NA,NA,NA,NA
SY02,SY0204,SY020401,C1593,172,172,1,453,NA,NA,NA,NA,NA
SY02,SY0204,SY020401,C1594,35,70,1,1760,NA,NA,NA,NA,NA
SY02,SY0204,SY020401,C1595,1874,2081,4,1904,NA,NA,NA,NA,NA
SY02,SY0204,SY020401,C1597,7316,21110,5,8502,14,164.66713714420135,17,199.95295224653023,0.005861889135753627
SY02,SY0204,SY020401,C1599,145,320,2,1119,NA,NA,NA,NA,NA
SY02,SY0204,SY020401,C1600,757,2087,2,757,NA,NA,NA,NA,NA
SY02,SY0204,SY020401,C1601,9,9,1,1020,NA,NA,NA,NA,NA
SY02,SY0204,SY020401,C1602,1,2,1,2614,NA,NA,NA,NA,NA
SY02,SY0204,SY020401,C1603,150,506,3,3637,NA,NA,NA,NA,NA
SY02,SY0204,SY020401,C1604,19,38,1,752,NA,NA,NA,NA,NA
SY02,SY0204,SY020401,C1605,6697,34598,6,8282,3,36.223134508572805,2,24.14875633904854,9.472828531670683e-4
SY02,SY0204,SY020401,C1606,1,2,1,1330,NA,NA,NA,NA,NA
SY02,SY0204,SY020401,C1607,155,360,1,1518,NA,NA,NA,NA,NA
SY02,SY0204,SY020401,C1608,90,527,1,977,NA,NA,NA,NA,NA
SY02,SY0204,SY020401,C1609,1621,9312,4,2951,NA,NA,NA,NA,NA
SY02,SY0204,SY020401,C1610,135,268,3,1741,NA,NA,NA,NA,NA
SY02,SY0204,SY020401,C1612,572,572,1,712,NA,NA,NA,NA,NA
SY02,SY0204,SY020401,C1613,50,58,2,713,NA,NA,NA,NA,NA
SY02,SY0204,SY020401,C1614,1,1,1,3800,NA,NA,NA,NA,NA
SY02,SY0204,SY020401,C1615,715,2267,4,1353,NA,NA,NA,NA,NA
SY02,SY0204,SY020401,C1616,120,395,2,1159,NA,NA,NA,NA,NA
SY02,SY0204,SY020403,C1629,86,112,1,1386,NA,NA,NA,NA,NA
SY02,SY0204,SY020403,C1632,12375,38348,3,5200,NA,NA,NA,NA,NA
SY02,SY0204,SY020403,C1636,309,399,1,1104,NA,NA,NA,NA,NA
SY02,SY0204,SY020403,C1642,1175,3525,1,1175,NA,NA,NA,NA,NA
SY02,SY0204,SY020403,C1643,34116,151704,7,36651,37,100.95222504160868,5,13.642192573190364,0.0051655347907580106
SY02,SY0204,SY020405,C1658,2570,12510,4,5444,NA,NA,NA,NA,NA
SY02,SY0204,SY020405,C1659,2386,2531,1,5890,6,101.86757215619694,8,135.82342954159594,0.00314212499086519
SY02,SY0204,SY020405,C1660,803,1498,2,1925,NA,NA,NA,NA,NA
SY02,SY0204,SY020405,C1661,957,1007,1,1608,NA,NA,NA,NA,NA
SY02,SY0204,SY020405,C1663,308,806,4,3331,5,150.10507355148604,20,600.4202942059442,0.007862459138707586
SY02,SY0204,SY020405,C1664,21041,70057,7,21121,71,336.1583258368449,73,345.62757445196723,0.02034971450298036
SY02,SY0204,SY020405,C1665,2000,7248,3,7816,18,230.29682702149435,15,191.91402251791197,0.006433113823627331
SY02,SY0204,SY020405,C1666,250,300,1,397,NA,NA,NA,NA,NA
SY02,SY0204,SY020405,C1667,30650,234518,6,15033,14,93.12845074170158,25,166.3008048958957,0.006078072278958439
SY02,SY0204,SY020405,C1668,1000,1270,1,1414,NA,NA,NA,NA,NA
SY02,SY0204,SY020405,C1669,2500,19431,1,5581,NA,NA,NA,NA,NA
SY02,SY0204,SY020405,C1670,919,974,1,2145,NA,NA,NA,NA,NA
SY02,SY0204,SY020405,C1671,4066,8846,3,7319,NA,NA,NA,NA,NA
SY02,SY0204,SY020405,C1672,18840,84836,4,6761,NA,NA,NA,NA,NA
SY02,SY0204,SY020405,C1673,20,20,1,288,NA,NA,NA,NA,NA
SY02,SY0208,SY020800,C2213,3106,4826,2,1582,0,0,6,379.2667509481669,0.00323173600849982
SY02,SY0208,SY020800,C2214,1304,1829,1,1368,NA,NA,NA,NA,NA
SY02,SY0208,SY020800,C2215,1568,3998,2,810,NA,NA,NA,NA,NA
SY02,SY0208,SY020800,C2216,509,1707,3,467,NA,NA,NA,NA,NA
SY02,SY0208,SY020800,C2217,1910,3138,2,992,NA,NA,NA,NA,NA
SY02,SY0208,SY020800,C2219,2388,5475,4,872,NA,NA,NA,NA,NA
SY02,SY0208,SY020800,C2220,7310,31319,5,11446,NA,NA,NA,NA,NA
SY02,SY0208,SY020800,C2221,1432,1432,1,1056,NA,NA,NA,NA,NA
SY02,SY0208,SY020800,C2222,2190,4575,2,795,NA,NA,NA,NA,NA
SY02,SY0208,SY020800,C2224,4524,5215,3,2197,0,0,16,728.2658170232135,0.006723758504064895
SY02,SY0208,SY020800,C2225,4590,6255,3,987,NA,NA,NA,NA,NA
SY02,SY0208,SY020800,C2226,4694,5469,1,3280,0,0,6,182.9268292682927,0.00191809456026082
SY02,SY0208,SY020800,C2227,51922,362037,8,38311,40,104.40865547753909,205,535.0943593223878,0.032126745632526744
SY02,SY0208,SY020800,C2228,5,10,1,238,NA,NA,NA,NA,NA
SY02,SY0208,SY020800,C2229,1600,1600,1,1425,NA,NA,NA,NA,NA
SY02,SY0208,SY020800,C2230,1584,1584,1,1033,NA,NA,NA,NA,NA
SY02,SY0208,SY020800,C2231,1502,2294,2,285,NA,NA,NA,NA,NA
SY02,SY0208,SY020800,C2232,2000,2000,1,1106,NA,NA,NA,NA,NA
SY02,SY0208,SY020800,C2235,3148,3148,1,1488,NA,NA,NA,NA,NA
SY02,SY0208,SY020800,C2236,2350,2350,1,1150,NA,NA,NA,NA,NA
SY02,SY0208,SY020800,C2237,2520,2520,1,1891,NA,NA,NA,NA,NA
SY02,SY0208,SY020800,C2238,8726,22069,6,4050,0,0,20,493.82716049382714,0.005618008738287977
SY02,SY0208,SY020800,C2239,1106,1106,1,554,NA,NA,NA,NA,NA
SY02,SY0208,SY020800,C2240,1954,1954,2,1122,0,0,3,267.379679144385,0.0021360412124026814
SY02,SY0208,SY020800,C2241,1768,1768,1,922,NA,NA,NA,NA,NA
SY02,SY0208,SY020801,C2242,1396,1396,1,543,NA,NA,NA,NA,NA
SY02,SY0208,SY020801,C2243,632,632,1,518,NA,NA,NA,NA,NA
SY02,SY0208,SY020801,C2244,2218,3818,2,850,NA,NA,NA,NA,NA
SY02,SY0208,SY020801,C2245,3078,3078,1,633,NA,NA,NA,NA,NA
SY02,SY0208,SY020801,C2246,1002,1002,1,281,NA,NA,NA,NA,NA
SY02,SY0208,SY020801,C2247,914,1270,1,625,NA,NA,NA,NA,NA
SY02,SY0208,SY020801,C2248,1000,1259,1,580,NA,NA,NA,NA,NA
SY02,SY0208,SY020801,C2249,2500,2500,1,806,NA,NA,NA,NA,NA
SY02,SY0208,SY020801,C2250,9389,26800,5,6577,0,0,0,0,0
SY02,SY0208,SY020801,C2251,2170,2425,1,579,NA,NA,NA,NA,NA
SY02,SY0208,SY020801,C2252,2486,2486,1,274,NA,NA,NA,NA,NA
SY02,SY0208,SY020801,C2254,1516,3505,2,868,NA,NA,NA,NA,NA
SY02,SY0208,SY020801,C2255,1500,2084,1,675,NA,NA,NA,NA,NA
SY02,SY0208,SY020801,C2256,1734,1734,1,781,NA,NA,NA,NA,NA
SY02,SY0208,SY020801,C2257,1020,1363,2,535,NA,NA,NA,NA,NA
SY02,SY0208,SY020801,C2258,1376,1376,1,495,NA,NA,NA,NA,NA
SY02,SY0208,SY020801,C2259,4152,4152,2,2331,0,0,1,42.9000429000429,4.0272835130658564e-4
SY02,SY0208,SY020801,C2260,668,807,1,407,NA,NA,NA,NA,NA
SY02,SY0208,SY020801,C2261,2130,2130,1,485,NA,NA,NA,NA,NA
SY02,SY0208,SY020801,C2262,1300,2320,2,1630,NA,NA,NA,NA,NA
SY02,SY0208,SY020801,C2263,730,1460,1,1330,NA,NA,NA,NA,NA
SY02,SY0208,SY020801,C2264,236,236,1,405,NA,NA,NA,NA,NA
SY02,SY0208,SY020801,C2265,586,586,1,423,NA,NA,NA,NA,NA
SY02,SY0208,SY020801,C2266,3444,3444,1,1296,NA,NA,NA,NA,NA
SY02,SY0208,SY020801,C2267,620,620,1,451,NA,NA,NA,NA,NA
SY02,SY0208,SY020801,C2268,1094,3024,2,1180,NA,NA,NA,NA,NA
SY05,SY0502,SY050202,C3170,80,80,1,872,NA,NA,NA,NA,NA
SY07,SY0700,SY070000,C3866,20,26,2,2119,NA,NA,NA,NA,NA
SY07,SY0700,SY070000,C3867,1000,1008,2,2989,NA,NA,NA,NA,NA
SY07,SY0700,SY070000,C3868,140,463,3,3128,NA,NA,NA,NA,NA
SY07,SY0700,SY070000,C3869,420,741,2,4003,NA,NA,NA,NA,NA
SY07,SY0700,SY070000,C3870,241,416,1,1293,NA,NA,NA,NA,NA
SY07,SY0700,SY070000,C3871,229101,959961,6,249009,135,54.21490789489536,115,46.183069688244196,0.027891513858299525
SY07,SY0700,SY070000,C3872,5712,32783,4,5942,NA,NA,NA,NA,NA
SY07,SY0700,SY070000,C3873,3901,17318,5,3546,NA,NA,NA,NA,NA
SY07,SY0700,SY070000,C3874,350,958,3,1801,NA,NA,NA,NA,NA
SY07,SY0700,SY070000,C3875,2299,12741,4,2444,NA,NA,NA,NA,NA
SY07,SY0700,SY070000,C3876,4056,16658,3,4576,NA,NA,NA,NA,NA
SY07,SY0700,SY070000,C3877,2218,2730,2,11009,NA,NA,NA,NA,NA
SY07,SY0700,SY070000,C3878,3270,10834,3,3026,NA,NA,NA,NA,NA
SY07,SY0700,SY070000,C3879,797,7488,6,4256,NA,NA,NA,NA,NA
SY07,SY0700,SY070002,C3904,16330,59870,6,31516,NA,NA,NA,NA,NA
SY07,SY0700,SY070002,C3905,5202,24284,7,20420,NA,NA,NA,NA,NA
SY07,SY0700,SY070002,C3906,5432,34216,6,6402,NA,NA,NA,NA,NA
SY07,SY0700,SY070003,C3916,1,1,1,0,NA,NA,NA,NA,NA
SY07,SY0700,SY070004,C3932,10386,26753,6,12917,6,46.4504141828598,520,4025.702562514516,0.08803082050111076
SY07,SY0700,SY070004,C3934,4005,15061,4,4216,5,118.59582542694497,30,711.5749525616698,0.009549857453106865
SY07,SY0700,SY070004,C3936,864,864,1,2297,0,0,59,2568.567696996082,0.02401163899180859
SY07,SY0700,SY070005,C3937,2590,14373,6,3149,NA,NA,NA,NA,NA
SY07,SY0700,SY070005,C3938,9061,45292,7,13608,30,220.4585537918871,12,88.18342151675485,0.006561849349118389
SY07,SY0700,SY070005,C3939,3000,27622,6,6242,NA,NA,NA,NA,NA
SY07,SY0700,SY070005,C3940,535,2733,4,3159,NA,NA,NA,NA,NA
SY07,SY0700,SY070005,C3941,7877,19877,5,8227,23,279.56727847331956,21,255.2570803452048,0.008399823977260516
SY07,SY0700,SY070005,C3942,7314,81081,6,26633,6,22.52844215822476,1,3.7547403597041265,9.115467536216684e-4
SY07,SY0700,SY070005,C3943,18418,197272,7,35091,12,34.196802598957,8,22.797868399304665,0.0025460646291865937
SY07,SY0700,SY070005,C3944,17781,84269,8,22791,38,166.73248212013516,24,105.30472554955902,0.008525416317259924
SY07,SY0700,SY070005,C3945,10398,89937,7,20831,NA,NA,NA,NA,NA
SY07,SY0700,SY070005,C3946,1304,6012,6,4016,NA,NA,NA,NA,NA
SY07,SY0700,SY070005,C3947,63512,215402,7,48596,44,90.54243147584164,5,10.288912667709276,0.005793899132816705
SY07,SY0700,SY070005,C3948,2200,9715,7,3306,NA,NA,NA,NA,NA
SY07,SY0700,SY070005,C3949,31348,206951,8,72803,2,2.7471395409529826,26,35.71281403238878,0.0034717935949161484
SY07,SY0700,SY070005,C3950,3671,26818,6,13262,NA,NA,NA,NA,NA
SY07,SY0700,SY070005,C3951,4310,32081,8,10972,NA,NA,NA,NA,NA
SY07,SY0700,SY070005,C3952,5933,23041,4,5094,NA,NA,NA,NA,NA
SY07,SY0700,SY070006,C3953,3740,14194,5,17786,NA,NA,NA,NA,NA
SY07,SY0703,SY070300,C4114,1265,6690,4,3359,NA,NA,NA,NA,NA
SY07,SY0703,SY070300,C4115,24823,381174,7,62871,1028,1635.0940815320262,125,198.819805633758,0.1327838096385224
SY07,SY0703,SY070300,C4116,4864,28359,5,5739,731,12737.410698728003,31,540.1637916013243,0.16874286929964924
SY07,SY0703,SY070300,C4117,2572,14730,6,6297,66,1048.1181515007145,13,206.4475146895347,0.016780728175050007
SY07,SY0703,SY070301,C4120,5700,48556,5,21554,NA,NA,NA,NA,NA
SY07,SY0703,SY070301,C4121,14320,447377,8,135803,1016,748.1425299882919,165,121.49952504731118,0.12965409394434402
SY07,SY0703,SY070301,C4122,6370,64617,7,39276,NA,NA,NA,NA,NA
SY07,SY0703,SY070301,C4123,5021,13175,5,30361,0,0,1,3.2936991535193174,1.3773621769727447e-4
SY07,SY0703,SY070301,C4124,20000,50739,6,36604,NA,NA,NA,NA,NA
SY07,SY0703,SY070301,C4125,2094,23121,6,27905,25,89.58967926894822,46,164.8450098548647,0.009607478563746101
SY07,SY0703,SY070301,C4126,46200,821481,8,128413,90,70.08636197269747,25,19.468433881304854,0.012770574657355916
SY07,SY0703,SY070301,C4127,2488,32761,9,15246,NA,NA,NA,NA,NA
SY07,SY0703,SY070301,C4128,963,6585,4,14361,NA,NA,NA,NA,NA
SY07,SY0703,SY070301,C4129,36673,173543,9,172715,754,436.55733433691347,222,128.53544857134585,0.10719092484409595
SY07,SY0703,SY070301,C4130,15000,301380,8,182304,240,131.64823591363876,500,274.2671581534141,0.08530488811764939
SY07,SY0703,SY070301,C4131,9680,109684,9,176504,115,65.15433078003898,250,141.63984952182386,0.0421628704680452
SY07,SY0703,SY070301,C4132,2135,34617,7,25586,NA,NA,NA,NA,NA
SY07,SY0703,SY070302,C4133,4066,19521,6,6690,19,284.0059790732436,53,792.2272047832586,0.015312772502581203
SY07,SY0703,SY070302,C4134,1960,6419,6,3433,70,2039.0329158170698,56,1631.2263326536558,0.038408291177252835
SY07,SY0703,SY070302,C4135,343,1280,2,305,NA,NA,NA,NA,NA
SY07,SY0703,SY070302,C4136,2428,12212,5,3690,NA,NA,NA,NA,NA
SY07,SY0703,SY070302,C4137,5111,27739,5,6288,71,1129.1348600508907,36,572.5190839694657,0.022954670577038292
SY07,SY0703,SY070302,C4138,3801,13162,5,4335,27,622.8373702422145,6,138.4083044982699,0.008618339422617798
SY07,SY0703,SY070302,C4139,1073,6724,4,744,0,0,50,6720.430107526881,0.05074899886605981
SY07,SY0703,SY070302,C4140,147500,737907,7,93928,2817,2999.1056979814325,352,374.7551315901541,0.353792684685389
SY07,SY0703,SY070302,C4141,3460,26233,6,19814,2,10.093873019077419,10,50.4693650953871,0.0017690678902384006
SY07,SY0703,SY070302,C4142,3481,10777,6,4690,35,746.2686567164179,60,1279.3176972281449,0.024159350111914883
SY07,SY0703,SY070302,C4143,20482,117674,5,13892,276,1986.7549668874174,467,3361.6469910739993,0.11841024621555679
SY07,SY0703,SY070302,C4145,18044,97157,5,18913,90,475.8631629038228,131,692.6452704488976,0.03228544680412963
SY07,SY0703,SY070302,C4146,2327,10853,6,5538,8,144.4564824846515,47,848.6818345973276,0.012918246797228784
SY07,SY0703,SY070302,C4147,773,5193,4,1484,40,2695.4177897574127,32,2156.33423180593,0.04049685164972396
SY07,SY0703,SY070302,C4148,6696,24528,3,5586,27,483.3512352309345,52,930.8986752595775,0.018298576430850463
SY07,SY0703,SY070302,C4149,1472,9559,2,1223,2,163.5322976287817,5,408.8307440719542,0.004626889389548287
SY07,SY0703,SY070302,C4150,482,1849,1,674,NA,NA,NA,NA,NA
SY07,SY0703,SY070302,C4151,3303,12307,5,3768,17,451.1677282377919,8,212.31422505307856,0.0071517799066331215
SY07,SY0703,SY070303,C4152,595,1966,3,770,NA,NA,NA,NA,NA
SY07,SY0703,SY070303,C4156,390,2616,3,501,NA,NA,NA,NA,NA
SY07,SY0703,SY070303,C4157,29495,161543,7,27137,292,1076.021667833585,83,305.85547407598483,0.04902023008124022
SY07,SY0703,SY070303,C4158,215,687,2,1781,NA,NA,NA,NA,NA
SY07,SY0703,SY070303,C4159,1,2,1,645,NA,NA,NA,NA,NA
SY07,SY0703,SY070303,C4160,780,3078,1,948,NA,NA,NA,NA,NA
SY07,SY0703,SY070304,C4161,1334,9765,4,5918,NA,NA,NA,NA,NA
SY07,SY0703,SY070304,C4162,407,1279,1,1800,NA,NA,NA,NA,NA
SY07,SY0703,SY070304,C4164,2824,39400,7,12893,NA,NA,NA,NA,NA
SY07,SY0703,SY070304,C4165,2750,11010,4,4458,NA,NA,NA,NA,NA
SY07,SY0703,SY070304,C4166,4227,13446,2,5066,NA,NA,NA,NA,NA
SY07,SY0703,SY070304,C4167,24299,80817,6,9761,NA,NA,NA,NA,NA
SY07,SY0703,SY070304,C4168,3218,13258,3,4441,NA,NA,NA,NA,NA
SY07,SY0703,SY070304,C4169,4342,17018,4,5342,NA,NA,NA,NA,NA
SY07,SY0703,SY070304,C4170,1458,8134,4,7255,NA,NA,NA,NA,NA
SY07,SY0703,SY070304,C4171,6700,26183,2,7150,NA,NA,NA,NA,NA
SY07,SY0703,SY070304,C4172,9200,65183,6,15337,NA,NA,NA,NA,NA
SY07,SY0703,SY070304,C4173,1025,6084,2,3604,NA,NA,NA,NA,NA
SY07,SY0703,SY070304,C4174,27720,116649,6,15120,30,198.4126984126984,8,52.91005291005291,0.005713819015340124
SY07,SY0703,SY070305,C4175,4217,17457,7,3992,NA,NA,NA,NA,NA
SY07,SY0703,SY070305,C4176,29029,202363,7,27015,349,1291.874884323524,165,610.7717934480844,0.06788195895909897
SY07,SY0703,SY070305,C4177,337,339,2,2345,NA,NA,NA,NA,NA
SY07,SY0703,SY070305,C4178,2500,5064,5,8115,NA,NA,NA,NA,NA
SY07,SY0703,SY070305,C4179,23548,71590,4,8464,NA,NA,NA,NA,NA
SY07,SY0703,SY070305,C4180,5216,23757,6,6063,NA,NA,NA,NA,NA
SY07,SY0703,SY070305,C4181,579,3261,4,3222,NA,NA,NA,NA,NA
SY07,SY0703,SY070305,C4183,2224,11024,4,2462,NA,NA,NA,NA,NA
SY07,SY0703,SY070305,C4184,10335,37117,6,9192,171,1860.313315926893,72,783.2898172323759,0.04378328333777242
SY07,SY0703,SY070305,C4185,3574,13980,6,3871,NA,NA,NA,NA,NA
SY07,SY0704,SY070400,C4187,38,86,2,1139,NA,NA,NA,NA,NA
SY07,SY0704,SY070400,C4189,104,205,1,1182,NA,NA,NA,NA,NA
SY07,SY0704,SY070400,C4190,1500,2818,3,3503,NA,NA,NA,NA,NA
SY07,SY0704,SY070400,C4191,4069,15158,4,3547,NA,NA,NA,NA,NA
SY07,SY0704,SY070400,C4192,294,787,1,320,NA,NA,NA,NA,NA
SY07,SY0704,SY070400,C4193,185,2394,3,5846,15,256.5856996236743,2,34.21142661648991,0.003742730664607163
SY07,SY0704,SY070400,C4194,21,77,2,2587,NA,NA,NA,NA,NA
SY07,SY0704,SY070400,C4195,6,12,1,371,NA,NA,NA,NA,NA
SY07,SY0704,SY070400,C4197,2200,3760,3,3422,0,0,58,1694.915254237288,0.018050638148890127
SY07,SY0704,SY070400,C4198,380,448,3,393,NA,NA,NA,NA,NA
SY07,SY0704,SY070400,C4199,20299,180013,6,28511,25,87.68545473676826,120,420.89018273648765,0.01986944018419514
SY07,SY0704,SY070400,C4200,620,1183,3,2052,NA,NA,NA,NA,NA
SY07,SY0704,SY070400,C4202,2813,3907,2,3665,0,0,10,272.8512960436562,0.002982544514478258
SY07,SY0704,SY070400,C4203,580,606,2,881,NA,NA,NA,NA,NA
SY07,SY0704,SY070400,C4204,291,1771,3,2506,10,399.04229848363923,3,119.71268954509178,0.004879609186746233
SY07,SY0704,SY070400,C4205,146,826,2,1969,NA,NA,NA,NA,NA
SY07,SY0704,SY070400,C4206,31,87,1,3272,NA,NA,NA,NA,NA
SY07,SY0704,SY070400,C4207,1,2,2,239,NA,NA,NA,NA,NA
SY07,SY0704,SY070400,C4208,667,1539,2,1212,NA,NA,NA,NA,NA
SY07,SY0704,SY070400,C4209,150,165,2,218,NA,NA,NA,NA,NA
SY07,SY0704,SY070400,C4210,445,1343,4,1536,NA,NA,NA,NA,NA
SY07,SY0704,SY070400,C4211,127,364,2,499,0,0,2,400.8016032064128,0.002913021205963722
SY07,SY0704,SY070400,C4212,879,5118,4,10117,4,39.53741227636651,10,98.84353069091628,0.002498105974519829
SY07,SY0704,SY070400,C4214,1,2,1,1237,0,0,2,161.68148746968473,0.0013131525065576374
SY07,SY0704,SY070400,C4215,724,5189,4,9858,1,10.144045445323595,0,0,1.717044701043836e-4
SY07,SY0704,SY070400,C4217,960,1125,3,1209,0,0,115,9511.993382961124,0.0769468183439984
SY07,SY0704,SY070400,C4218,293,293,1,344,0,0,14,4069.7674418604656,0.028849173649584572
SY07,SY0704,SY070400,C4219,261,275,3,2832,NA,NA,NA,NA,NA
SY07,SY0704,SY070400,C4220,134,294,2,915,NA,NA,NA,NA,NA
SY07,SY0704,SY070400,C4221,143,494,2,2303,NA,NA,NA,NA,NA
SY07,SY0704,SY070400,C4222,2339,10686,4,2554,5,195.7713390759593,3,117.46280344557557,0.002973394999752874
SY07,SY0704,SY070401,C4223,1218,2892,5,4448,NA,NA,NA,NA,NA
SY07,SY0704,SY070401,C4226,6600,8954,3,3917,75,1914.7306612203217,275,7020.67909114118,0.09947912770207255
SY07,SY0704,SY070401,C4227,1513,1513,1,2801,2,71.403070332024285,94,3355.944305605141,0.03401858633073596
SY07,SY0704,SY070401,C4228,6030,24819,4,5401,0,0,27,499.90742455100906,0.006468584284699517
SY07,SY0704,SY070401,C4229,12403,19856,4,3327,0,0,15,450.8566275924256,0.004752011828628472
SY07,SY0704,SY070401,C4231,52800,222124,7,29272,0,0,33,112.73572014211533,0.00457234981288659
SY07,SY0704,SY070401,C4232,1006,1664,3,2074,0,0,20,964.3201542912246,0.008765912091158012
SY07,SY0704,SY070401,C4234,1698,3426,5,1840,0,0,20,1086.9565217391305,0.009586428947651954
SY07,SY0704,SY070402,C4236,528,2200,4,3062,NA,NA,NA,NA,NA
SY07,SY0704,SY070402,C4237,110,302,2,364,NA,NA,NA,NA,NA
SY07,SY0704,SY070402,C4238,21487,65991,7,11255,NA,NA,NA,NA,NA
SY07,SY0704,SY070402,C4239,147,147,1,0,NA,NA,NA,NA,NA
SY07,SY0704,SY070402,C4240,2045,26739,5,3729,NA,NA,NA,NA,NA
SY07,SY0704,SY070402,C4241,982,3520,7,1236,NA,NA,NA,NA,NA
SY07,SY0704,SY070402,C4242,1063,9636,5,977,NA,NA,NA,NA,NA
SY07,SY0704,SY070402,C4243,3668,12752,3,3478,NA,NA,NA,NA,NA
SY07,SY0704,SY070402,C4244,350,350,1,821,NA,NA,NA,NA,NA
SY07,SY0704,SY070402,C4245,2669,11542,4,2508,NA,NA,NA,NA,NA
SY07,SY0704,SY070402,C4246,487,2631,4,1859,NA,NA,NA,NA,NA
SY07,SY0704,SY070402,C4247,3894,8597,4,2872,NA,NA,NA,NA,NA
SY07,SY0704,SY070402,C4248,707,1500,5,1837,NA,NA,NA,NA,NA
SY07,SY0704,SY070402,C4249,2808,19361,8,4163,NA,NA,NA,NA,NA
SY07,SY0704,SY070402,C4250,3191,14900,4,2888,NA,NA,NA,NA,NA
SY07,SY0704,SY070402,C4251,391,2169,5,1174,NA,NA,NA,NA,NA
SY07,SY0704,SY070402,C4252,30000,229701,7,29175,93,318.76606683804624,75,257.0694087403599,0.022137704724641716
SY07,SY0704,SY070402,C4253,570,5944,6,1564,NA,NA,NA,NA,NA
SY07,SY0704,SY070402,C4254,2195,9632,7,4729,0,0,0,0,0
SY07,SY0704,SY070403,C4255,21011,75042,5,15164,110,725.4022685307307,350,2308.098127143234,0.07218193226637078
SY07,SY0704,SY070403,C4256,2513,9231,2,2706,NA,NA,NA,NA,NA
SY07,SY0704,SY070403,C4257,1000,1500,3,2177,NA,NA,NA,NA,NA
SY07,SY0704,SY070403,C4258,1450,1617,4,1604,NA,NA,NA,NA,NA
SY07,SY0704,SY070403,C4259,4425,14662,7,4886,93,1903.3974621367172,230,4707.3270568972575,0.08057280268544544
SY07,SY0704,SY070403,C4260,2018,9571,5,2780,17,611.5107913669065,80,2877.6978417266187,0.03440065633421813
SY07,SY0704,SY070403,C4261,1329,2064,1,571,NA,NA,NA,NA,NA
SY07,SY0704,SY070403,C4262,920,1900,1,875,NA,NA,NA,NA,NA
SY07,SY0704,SY070403,C4263,10692,60652,6,8248,10,121.24151309408343,75,909.3113482056256,0.01661240635968139
SY07,SY0704,SY070403,C4265,2184,7084,4,2453,0,0,60,2445.9845087647777,0.023307177172401487
SY07,SY0704,SY070403,C4267,11130,27725,6,13452,NA,NA,NA,NA,NA
SY07,SY0705,SY070500,C4268,2267,2341,4,2989,NA,NA,NA,NA,NA
SY07,SY0705,SY070500,C4269,5434,26379,6,5909,NA,NA,NA,NA,NA
SY07,SY0705,SY070500,C4270,5,10,1,672,NA,NA,NA,NA,NA
SY07,SY0705,SY070500,C4271,1733,2503,4,2957,NA,NA,NA,NA,NA
SY07,SY0705,SY070500,C4272,1107,1571,2,930,NA,NA,NA,NA,NA
SY07,SY0705,SY070500,C4273,59,120,2,2867,NA,NA,NA,NA,NA
SY07,SY0705,SY070500,C4275,1410,1560,3,3815,NA,NA,NA,NA,NA
SY07,SY0705,SY070500,C4276,1227,1227,1,1865,NA,NA,NA,NA,NA
SY07,SY0705,SY070500,C4277,2200,2216,3,2435,NA,NA,NA,NA,NA
SY07,SY0705,SY070500,C4278,50000,139842,7,30726,292,950.3352209854846,38,123.67376163509732,0.041744060436201186
SY07,SY0705,SY070500,C4279,8,16,1,376,NA,NA,NA,NA,NA
SY07,SY0705,SY070500,C4280,1330,2228,4,499,NA,NA,NA,NA,NA
SY07,SY0705,SY070500,C4281,2373,4855,5,1771,NA,NA,NA,NA,NA
SY07,SY0705,SY070500,C4282,1267,2562,3,2991,NA,NA,NA,NA,NA
SY07,SY0705,SY070500,C4283,3333,3843,5,5736,NA,NA,NA,NA,NA
SY07,SY0705,SY070500,C4284,1200,1677,4,1858,NA,NA,NA,NA,NA
SY07,SY0705,SY070500,C4285,1333,1347,2,1209,NA,NA,NA,NA,NA
SY07,SY0705,SY070500,C4286,4832,12548,3,5171,NA,NA,NA,NA,NA
SY07,SY0705,SY070500,C4287,1733,1751,3,1917,NA,NA,NA,NA,NA
SY07,SY0705,SY070500,C4288,7600,12399,4,9368,NA,NA,NA,NA,NA
SY07,SY0705,SY070500,C4289,1640,3449,4,1565,NA,NA,NA,NA,NA
SY07,SY0705,SY070500,C4290,5600,26809,5,6020,NA,NA,NA,NA,NA
SY07,SY0705,SY070501,C4291,695,1364,3,1087,NA,NA,NA,NA,NA
SY07,SY0705,SY070501,C4292,2400,4409,3,2219,NA,NA,NA,NA,NA
SY07,SY0705,SY070501,C4294,5754,12341,5,6079,NA,NA,NA,NA,NA
SY07,SY0705,SY070501,C4295,2763,15103,6,3132,21,670.4980842911878,0,0,0.006702497660337353
SY07,SY0705,SY070501,C4296,895,1161,4,1890,NA,NA,NA,NA,NA
SY07,SY0705,SY070501,C4297,3015,4321,4,3814,9,235.97273203985318,0,0,0.002524675820873006
SY07,SY0705,SY070501,C4299,83,165,1,867,NA,NA,NA,NA,NA
SY07,SY0705,SY070501,C4300,21,44,2,1582,6,379.2667509481669,0,0,0.0031855406436774314
SY07,SY0705,SY070501,C4301,315,385,2,1514,NA,NA,NA,NA,NA
SY07,SY0705,SY070501,C4302,4430,4850,3,2153,28,1300.5109150023225,0,0,0.011688413798372821
SY07,SY0705,SY070501,C4303,2035,5013,4,2152,22,1022.3048327137546,0,0,0.009186967880678833
SY07,SY0705,SY070501,C4305,35,70,1,1670,NA,NA,NA,NA,NA
SY07,SY0705,SY070501,C4306,1813,4023,4,1958,NA,NA,NA,NA,NA
SY07,SY0705,SY070501,C4307,1805,2016,3,1407,2,142.14641080312722,0,0,0.0011682860667407504
SY07,SY0705,SY070501,C4308,1000,2140,2,2566,6,233.82696804364772,0,0,0.0022010370800973744
SY07,SY0705,SY070502,C4310,1200,1527,1,1208,NA,NA,NA,NA,NA
SY07,SY0705,SY070502,C4311,2,5,2,825,NA,NA,NA,NA,NA
SY07,SY0705,SY070502,C4312,6510,16315,4,6835,NA,NA,NA,NA,NA
SY07,SY0705,SY070502,C4313,5208,18385,3,5932,NA,NA,NA,NA,NA
SY07,SY0705,SY070502,C4314,161,206,2,720,NA,NA,NA,NA,NA
SY07,SY0705,SY070502,C4315,1200,2405,2,1344,NA,NA,NA,NA,NA
SY07,SY0705,SY070502,C4316,885,1285,3,2161,NA,NA,NA,NA,NA
SY07,SY0705,SY070502,C4317,587,635,2,662,NA,NA,NA,NA,NA
SY07,SY0705,SY070502,C4319,335,390,3,665,NA,NA,NA,NA,NA
SY07,SY0705,SY070502,C4320,159,162,2,1259,NA,NA,NA,NA,NA
SY07,SY0705,SY070502,C4321,1645,7688,4,1487,NA,NA,NA,NA,NA
SY07,SY0705,SY070502,C4322,2400,5529,4,2025,NA,NA,NA,NA,NA
SY07,SY0705,SY070502,C4323,800,1568,4,1426,NA,NA,NA,NA,NA
SY07,SY0705,SY070502,C4324,253,383,1,630,NA,NA,NA,NA,NA
SY07,SY0705,SY070502,C4326,1407,5259,3,1271,NA,NA,NA,NA,NA
SY07,SY0705,SY070502,C4327,275,547,3,1691,NA,NA,NA,NA,NA
SY07,SY0705,SY070502,C4328,1440,1864,3,2389,NA,NA,NA,NA,NA
SY07,SY0705,SY070502,C4329,160,738,2,973,NA,NA,NA,NA,NA
SY07,SY0705,SY070502,C4330,25971,78732,5,4734,48,1013.9416983523447,20,422.4757076468103,0.016949963594539756
SY02,SY0203,SY020300,C6333,624,630,2,1415,NA,NA,NA,NA,NA
SY02,SY0204,SY020401,C6334,4451,14900,4,4512,NA,NA,NA,NA,NA
SY07,SY0703,SY070302,C6364,1630,4947,1,1496,14,935.8288770053475,10,668.4491978609625,0.013406647046377706
SY07,SY0703,SY070301,C6389,20223,136829,8,72743,NA,NA,NA,NA,NA
SY02,SY0203,SY020300,C6394,144,144,1,492,NA,NA,NA,NA,NA
SY02,SY0203,SY020300,C6395,134,134,1,1378,NA,NA,NA,NA,NA
SY02,SY0203,SY020301,C6396,70,220,2,195,NA,NA,NA,NA,NA
SY02,SY0203,SY020302,C6397,880,1480,3,445,NA,NA,NA,NA,NA
SY02,SY0203,SY020302,C6398,1098,4581,4,763,NA,NA,NA,NA,NA
SY02,SY0203,SY020302,C6399,650,2769,3,386,NA,NA,NA,NA,NA
SY02,SY0203,SY020306,C6401,1000,2000,1,353,NA,NA,NA,NA,NA
SY02,SY0203,SY020303,C6402,208,1070,2,822,NA,NA,NA,NA,NA
SY02,SY0203,SY020303,C6404,194,194,1,137,NA,NA,NA,NA,NA
SY02,SY0203,SY020305,C6406,35,35,1,113,NA,NA,NA,NA,NA
SY02,SY0204,SY020403,C6419,50,50,1,1700,NA,NA,NA,NA,NA
SY02,SY0204,SY020405,C6421,950,1005,1,1165,NA,NA,NA,NA,NA
SY02,SY0204,SY020405,C6422,45,45,1,703,NA,NA,NA,NA,NA
SY02,SY0204,SY020405,C6423,50,50,1,513,NA,NA,NA,NA,NA
SY02,SY0200,SY020001,C6424,668,1804,4,5875,NA,NA,NA,NA,NA
SY07,SY0705,SY070500,C6608,3733,3990,3,3948,NA,NA,NA,NA,NA
SY07,SY0705,SY070500,C6609,627,681,3,684,NA,NA,NA,NA,NA
SY07,SY0705,SY070500,C6611,280,286,2,516,NA,NA,NA,NA,NA
SY07,SY0705,SY070502,C6612,267,277,3,396,NA,NA,NA,NA,NA
SY07,SY0705,SY070502,C6613,96,499,1,690,NA,NA,NA,NA,NA
SY07,SY0705,SY070502,C6614,119,119,1,530,NA,NA,NA,NA,NA
SY07,SY0705,SY070502,C6615,453,681,1,784,NA,NA,NA,NA,NA
SY07,SY0703,SY070304,C6616,2340,10835,5,1267,NA,NA,NA,NA,NA
SY07,SY0703,SY070302,C6618,1092,3312,1,1262,0,0,75,5942.947702060222,0.04843961803565462
SY07,SY0703,SY070302,C6619,2067,16557,6,4367,8,183.19212273872225,13,297.68719945042363,0.005560168617454167
SY07,SY0703,SY070302,C6620,2196,4092,3,1314,6,456.62100456621005,22,1674.27701674277,0.01745654565428243
SY07,SY0703,SY070302,C6621,505,1914,2,646,0,0,10,1547.9876160990711,0.011514033718751726
SY07,SY0703,SY070302,C6622,274,681,3,638,13,2037.617554858934,29,4545.454545454546,0.04889974723385773
SY07,SY0700,SY070002,C6630,1,8,2,131,NA,NA,NA,NA,NA
SY07,SY0700,SY070005,C6631,5158,55936,8,12827,NA,NA,NA,NA,NA
SY07,SY0700,SY070005,C6632,3060,15515,5,2790,NA,NA,NA,NA,NA
SY07,SY0700,SY070005,C6633,1877,3916,4,1706,NA,NA,NA,NA,NA
SY07,SY0704,SY070402,C6637,52,174,1,466,NA,NA,NA,NA,NA
SY07,SY0704,SY070402,C6638,265,813,2,839,NA,NA,NA,NA,NA
SY07,SY0704,SY070402,C6639,63,216,3,454,NA,NA,NA,NA,NA
SY07,SY0704,SY070400,C6640,1486,11061,3,1678,NA,NA,NA,NA,NA
SY07,SY0704,SY070400,C6641,73,73,1,578,NA,NA,NA,NA,NA
SY07,SY0704,SY070400,C6642,83,289,1,455,0,0,1,219.78021978021977,0.0015861714826555773
SY02,SY0204,SY020400,C6669,2290,11870,5,12959,NA,NA,NA,NA,NA
SY07,SY0700,SY070000,C6689,230,771,2,195,NA,NA,NA,NA,NA
SY07,SY0700,SY070005,C6690,334,1562,4,1990,NA,NA,NA,NA,NA
SY07,SY0703,SY070301,C6692,16812,195402,7,14284,NA,NA,NA,NA,NA
SY07,SY0703,SY070301,C6693,4548,73346,7,15875,NA,NA,NA,NA,NA
SY07,SY0703,SY070302,C6694,852,1875,2,429,NA,NA,NA,NA,NA
SY07,SY0703,SY070303,C6695,1777,5416,1,2545,NA,NA,NA,NA,NA
SY07,SY0703,SY070304,C6696,1418,4308,1,1466,NA,NA,NA,NA,NA
SY07,SY0704,SY070400,C6697,55,262,1,495,0,0,2,404.04040404040404,0.002934690884660339
SY07,SY0704,SY070402,C6701,110,110,1,485,NA,NA,NA,NA,NA
SY07,SY0705,SY070500,C6712,667,1018,4,850,NA,NA,NA,NA,NA
SY07,SY0705,SY070500,C6715,879,1865,5,918,NA,NA,NA,NA,NA
SY07,SY0703,SY070305,C6724,2370,18519,6,2191,NA,NA,NA,NA,NA
SY07,SY0704,SY070403,C6731,4,7,1,1736,NA,NA,NA,NA,NA
SY07,SY0700,SY070005,C6732,438,3721,3,2275,NA,NA,NA,NA,NA
SY07,SY0704,SY070402,C6734,1,5,1,752,NA,NA,NA,NA,NA
SY07,SY0703,SY070305,C6737,677,3078,2,1181,NA,NA,NA,NA,NA
SY07,SY0703,SY070305,C6741,228,1213,4,546,NA,NA,NA,NA,NA
SY07,SY0703,SY070302,C6750,160,320,1,1387,NA,NA,NA,NA,NA
SY07,SY0703,SY070301,C6755,44640,115675,7,20714,NA,NA,NA,NA,NA
SY02,SY0200,SY020004,C6766,3835,13669,7,8290,NA,NA,NA,NA,NA
SY02,SY0202,SY020206,C6770,2300,2786,1,380,NA,NA,NA,NA,NA
SY02,SY0204,SY020405,C6781,2300,5423,4,4881,12,245.8512599877074,15,307.31407498463426,0.006692277824037073
SY07,SY0704,SY070400,C7240,41,82,1,504,NA,NA,NA,NA,NA
SY07,SY0705,SY070502,C7259,821,3166,3,708,NA,NA,NA,NA,NA
SY07,SY0704,SY070400,C7267,34,102,1,1061,NA,NA,NA,NA,NA
SY07,SY0703,SY070301,C7407,4804,5814,2,4797,NA,NA,NA,NA,NA
SY07,SY0703,SY070301,C7427,7135,7825,2,1257,NA,NA,NA,NA,NA
SY02,SY0202,SY020200,C7466,4464,18204,4,2055,NA,NA,NA,NA,NA
SY02,SY0204,SY020401,C7478,38,59,1,0,NA,NA,NA,NA,NA
SY02,SY0203,SY020302,C7490,1000,2108,4,331,NA,NA,NA,NA,NA
SY02,SY0202,SY020206,C7509,711,4266,1,1270,NA,NA,NA,NA,NA
SY02,SY0203,SY020300,C7515,442,1164,1,256,NA,NA,NA,NA,NA
SY02,SY0203,SY020306,C7522,750,1224,3,296,NA,NA,NA,NA,NA
SY02,SY0204,SY020401,C7559,135,810,1,135,NA,NA,NA,NA,NA
SY02,SY0203,SY020303,C7567,174,174,1,174,NA,NA,NA,NA,NA
SY02,SY0204,SY020401,C7572,115,207,2,418,NA,NA,NA,NA,NA
SY02,SY0208,SY020801,C7585,394,394,1,195,NA,NA,NA,NA,NA
SY02,SY0208,SY020800,C7593,6426,6426,1,494,NA,NA,NA,NA,NA
SY02,SY0208,SY020801,C7598,1174,4080,2,1745,NA,NA,NA,NA,NA
SY02,SY0208,SY020801,C7611,856,856,1,130,NA,NA,NA,NA,NA
SY02,SY0208,SY020800,C7629,4910,5520,4,617,NA,NA,NA,NA,NA
SY02,SY0203,SY020301,C7640,40,80,1,144,NA,NA,NA,NA,NA
SY02,SY0208,SY020800,C7665,1480,2533,2,351,NA,NA,NA,NA,NA
SY07,SY0704,SY070400,C7930,985,1143,3,2387,NA,NA,NA,NA,NA
SY07,SY0705,SY070500,C7958,1206,1219,2,1402,NA,NA,NA,NA,NA
SY07,SY0700,SY070000,C8014,686,3688,2,645,NA,NA,NA,NA,NA
SY07,SY0700,SY070000,C8021,700,966,2,1396,NA,NA,NA,NA,NA
SY07,SY0703,SY070301,C8092,1190,6085,3,15577,NA,NA,NA,NA,NA
SY02,SY0200,SY020004,C8116,605,2339,5,4243,NA,NA,NA,NA,NA
SY02,SY0203,SY020300,C8123,466,621,1,279,NA,NA,NA,NA,NA
SY02,SY0202,SY020200,C8126,3322,3697,1,674,NA,NA,NA,NA,NA
SY02,SY0203,SY020302,C8130,164,214,3,172,NA,NA,NA,NA,NA
SY02,SY0202,SY020200,C8132,878,894,1,529,NA,NA,NA,NA,NA
SY02,SY0203,SY020302,C8135,23,37,1,987,NA,NA,NA,NA,NA
SY02,SY0202,SY020200,C8143,59,59,1,586,NA,NA,NA,NA,NA
SY02,SY0203,SY020302,C8146,397,397,1,666,NA,NA,NA,NA,NA
SY02,SY0202,SY020200,C8149,1154,1299,2,498,NA,NA,NA,NA,NA
SY02,SY0203,SY020302,C8150,801,2821,3,714,NA,NA,NA,NA,NA
SY02,SY0203,SY020302,C8151,222,222,2,261,NA,NA,NA,NA,NA
SY02,SY0202,SY020200,C8154,3410,3412,2,596,NA,NA,NA,NA,NA
SY02,SY0203,SY020302,C8156,387,1761,2,387,NA,NA,NA,NA,NA
SY02,SY0202,SY020200,C8157,280,280,1,0,NA,NA,NA,NA,NA
SY02,SY0203,SY020302,C8160,375,1349,4,375,NA,NA,NA,NA,NA
SY02,SY0203,SY020302,C8161,768,1233,3,723,NA,NA,NA,NA,NA
SY02,SY0202,SY020200,C8163,170,170,1,212,NA,NA,NA,NA,NA
SY02,SY0203,SY020302,C8166,529,1587,1,529,NA,NA,NA,NA,NA
SY02,SY0202,SY020206,C8169,2560,3260,1,1170,NA,NA,NA,NA,NA
SY02,SY0202,SY020206,C8175,1200,1200,1,899,NA,NA,NA,NA,NA
SY02,SY0203,SY020300,C8178,245,367,1,0,NA,NA,NA,NA,NA
SY02,SY0203,SY020302,C8184,605,2444,4,913,NA,NA,NA,NA,NA
SY02,SY0202,SY020206,C8185,3200,3200,1,390,NA,NA,NA,NA,NA
SY02,SY0202,SY020200,C8196,4920,20296,3,4332,NA,NA,NA,NA,NA
SY02,SY0202,SY020206,C8199,343,1372,1,335,NA,NA,NA,NA,NA
SY02,SY0203,SY020306,C8207,8,8,1,575,NA,NA,NA,NA,NA
SY02,SY0203,SY020305,C8208,20,20,1,210,0,0,20,9523.809523809523,0.06603444879707297
SY02,SY0203,SY020306,C8209,521,2727,3,1763,NA,NA,NA,NA,NA
SY02,SY0203,SY020305,C8212,95,95,1,276,NA,NA,NA,NA,NA
SY02,SY0203,SY020306,C8219,500,1007,1,733,NA,NA,NA,NA,NA
SY02,SY0204,SY020405,C8223,878,1128,2,878,NA,NA,NA,NA,NA
SY02,SY0204,SY020401,C8228,105,105,1,192,NA,NA,NA,NA,NA
SY02,SY0203,SY020304,C8235,10,10,1,2460,0,0,50,2032.520325203252,0.01938384122019813
SY02,SY0204,SY020405,C8239,2580,2580,2,635,NA,NA,NA,NA,NA
SY02,SY0202,SY020203,C8241,1,2,1,171,NA,NA,NA,NA,NA
SY02,SY0204,SY020401,C8244,25,62,2,406,NA,NA,NA,NA,NA
SY02,SY0204,SY020401,C8247,20,41,2,101,NA,NA,NA,NA,NA
SY02,SY0204,SY020401,C8250,50,117,2,290,NA,NA,NA,NA,NA
SY02,SY0203,SY020303,C8257,1,2,1,1036,NA,NA,NA,NA,NA
SY02,SY0203,SY020304,C8260,35,35,1,433,NA,NA,NA,NA,NA
SY02,SY0208,SY020801,C8262,960,960,1,99,NA,NA,NA,NA,NA
SY02,SY0203,SY020301,C8263,200,440,2,663,0,0,5,754.1478129713424,0.005624234277549387
SY02,SY0208,SY020800,C8264,464,849,2,277,NA,NA,NA,NA,NA
SY02,SY0208,SY020800,C8265,6184,27684,3,5067,NA,NA,NA,NA,NA
SY02,SY0203,SY020301,C8278,60,165,1,438,NA,NA,NA,NA,NA
SY02,SY0203,SY020301,C8286,250,370,2,607,NA,NA,NA,NA,NA
SY02,SY0203,SY020301,C8289,50,110,2,329,NA,NA,NA,NA,NA
SY02,SY0203,SY020304,C8292,1080,1305,2,659,NA,NA,NA,NA,NA
SY02,SY0203,SY020301,C8293,160,160,1,641,NA,NA,NA,NA,NA
SY07,SY0704,SY070402,C8338,1410,9445,2,1420,NA,NA,NA,NA,NA
SY07,SY0704,SY070402,C8339,814,3090,2,801,NA,NA,NA,NA,NA
SY07,SY0705,SY070502,C8384,84,454,2,807,NA,NA,NA,NA,NA
SY07,SY0704,SY070400,C8385,103,316,1,560,NA,NA,NA,NA,NA
SY07,SY0704,SY070400,C8386,34,121,1,260,NA,NA,NA,NA,NA
SY07,SY0704,SY070400,C8387,333,1909,1,277,0,0,50,18050.54151624549,0.126554794408373
SY07,SY0704,SY070400,C8388,185,185,1,1055,NA,NA,NA,NA,NA
SY07,SY0704,SY070400,C8390,12,24,2,203,NA,NA,NA,NA,NA
SY07,SY0704,SY070400,C8391,182,228,2,1358,NA,NA,NA,NA,NA
SY07,SY0704,SY070400,C8392,78,78,1,457,NA,NA,NA,NA,NA
SY07,SY0704,SY070402,C8406,121,355,1,445,0,0,2,449.43820224719104,0.0032384316057168586
SY07,SY0704,SY070402,C8407,551,1728,2,800,NA,NA,NA,NA,NA
SY07,SY0704,SY070402,C8408,143,429,1,456,NA,NA,NA,NA,NA
SY07,SY0704,SY070402,C8409,51,157,1,515,NA,NA,NA,NA,NA
SY07,SY0704,SY070403,C8412,0,0,1,217,NA,NA,NA,NA,NA
SY07,SY0703,SY070302,C8427,222,222,1,420,NA,NA,NA,NA,NA
SY07,SY0700,SY070005,C8435,100,225,3,601,NA,NA,NA,NA,NA
SY07,SY0700,SY070005,C8438,40,40,1,962,NA,NA,NA,NA,NA
SY02,SY0203,SY020301,C8716,70,70,1,347,NA,NA,NA,NA,NA
NA,NA,NA,C1019,NA,NA,NA,75,NA,NA,NA,NA,NA
NA,NA,NA,C1024,NA,NA,NA,70,NA,NA,NA,NA,NA
NA,NA,NA,C1027,NA,NA,NA,0,NA,NA,NA,NA,NA
NA,NA,NA,C1029,NA,NA,NA,200,NA,NA,NA,NA,NA
NA,NA,NA,C1031,NA,NA,NA,0,NA,NA,NA,NA,NA
NA,NA,NA,C1034,NA,NA,NA,95,NA,NA,NA,NA,NA
NA,NA,NA,C1039,NA,NA,NA,0,NA,NA,NA,NA,NA
NA,NA,NA,C1040,NA,NA,NA,35,NA,NA,NA,NA,NA
NA,NA,NA,C6679,NA,NA,NA,0,NA,NA,NA,NA,NA
NA,NA,NA,C6680,NA,NA,NA,0,NA,NA,NA,NA,NA
NA,NA,NA,C6753,NA,NA,NA,0,NA,NA,NA,NA,NA
NA,NA,NA,C7348,NA,NA,NA,0,NA,NA,NA,NA,NA
NA,NA,NA,C7359,NA,NA,NA,75,NA,NA,NA,NA,NA
NA,NA,NA,C8065,NA,NA,NA,0,NA,NA,NA,NA,NA
NA,NA,NA,C1140,NA,NA,NA,488,NA,NA,NA,NA,NA
NA,NA,NA,C1141,NA,NA,NA,316,NA,NA,NA,NA,NA
NA,NA,NA,C1144,NA,NA,NA,125,NA,NA,NA,NA,NA
NA,NA,NA,C1145,NA,NA,NA,170,NA,NA,NA,NA,NA
NA,NA,NA,C1146,NA,NA,NA,40,NA,NA,NA,NA,NA
NA,NA,NA,C1147,NA,NA,NA,0,NA,NA,NA,NA,NA
NA,NA,NA,C1148,NA,NA,NA,0,NA,NA,NA,NA,NA
NA,NA,NA,C1150,NA,NA,NA,245,NA,NA,NA,NA,NA
NA,NA,NA,C6682,NA,NA,NA,208,NA,NA,NA,NA,NA
NA,NA,NA,C6756,NA,NA,NA,0,NA,NA,NA,NA,NA
NA,NA,NA,C6764,NA,NA,NA,282,NA,NA,NA,NA,NA
NA,NA,NA,C7393,NA,NA,NA,0,NA,NA,NA,NA,NA
NA,NA,NA,C7430,NA,NA,NA,0,NA,NA,NA,NA,NA
NA,NA,NA,C7431,NA,NA,NA,0,NA,NA,NA,NA,NA
NA,NA,NA,C7441,NA,NA,NA,0,NA,NA,NA,NA,NA
NA,NA,NA,C8083,NA,NA,NA,0,NA,NA,NA,NA,NA
NA,NA,NA,C8085,NA,NA,NA,25,NA,NA,NA,NA,NA
NA,NA,NA,C8087,NA,NA,NA,25,NA,NA,NA,NA,NA
NA,NA,NA,C8088,NA,NA,NA,0,NA,NA,NA,NA,NA
NA,NA,NA,C1201,NA,NA,NA,85,NA,NA,NA,NA,NA
NA,NA,NA,C1186,NA,NA,NA,200,NA,NA,NA,NA,NA
NA,NA,NA,C1197,NA,NA,NA,653,NA,NA,NA,NA,NA
NA,NA,NA,C1203,NA,NA,NA,251,NA,NA,NA,NA,NA
NA,NA,NA,C1205,NA,NA,NA,600,NA,NA,NA,NA,NA
NA,NA,NA,C1207,NA,NA,NA,150,NA,NA,NA,NA,NA
NA,NA,NA,C1208,NA,NA,NA,791,NA,NA,NA,NA,NA
NA,NA,NA,C1210,NA,NA,NA,1000,NA,NA,NA,NA,NA
NA,NA,NA,C1212,NA,NA,NA,580,NA,NA,NA,NA,NA
NA,NA,NA,C6412,NA,NA,NA,351,NA,NA,NA,NA,NA
NA,NA,NA,C7438,NA,NA,NA,250,NA,NA,NA,NA,NA
NA,NA,NA,C7442,NA,NA,NA,104,NA,NA,NA,NA,NA
NA,NA,NA,C7443,NA,NA,NA,125,NA,NA,NA,NA,NA
NA,NA,NA,C7446,NA,NA,NA,150,NA,NA,NA,NA,NA
NA,NA,NA,C7450,NA,NA,NA,100,NA,NA,NA,NA,NA
NA,NA,NA,C7456,NA,NA,NA,0,NA,NA,NA,NA,NA
NA,NA,NA,C7468,NA,NA,NA,0,NA,NA,NA,NA,NA
NA,NA,NA,C7470,NA,NA,NA,0,NA,NA,NA,NA,NA
NA,NA,NA,C7473,NA,NA,NA,0,NA,NA,NA,NA,NA
NA,NA,NA,C7484,NA,NA,NA,255,NA,NA,NA,NA,NA
NA,NA,NA,C7514,NA,NA,NA,875,NA,NA,NA,NA,NA
NA,NA,NA,C8101,NA,NA,NA,200,NA,NA,NA,NA,NA
NA,NA,NA,C8106,NA,NA,NA,100,NA,NA,NA,NA,NA
NA,NA,NA,C8108,NA,NA,NA,200,NA,NA,NA,NA,NA
NA,NA,NA,C8127,NA,NA,NA,0,NA,NA,NA,NA,NA
NA,NA,NA,C8155,NA,NA,NA,0,NA,NA,NA,NA,NA
NA,NA,NA,C1230,NA,NA,NA,1039,NA,NA,NA,NA,NA
NA,NA,NA,C1231,NA,NA,NA,612,NA,NA,NA,NA,NA
NA,NA,NA,C1215,NA,NA,NA,1500,NA,NA,NA,NA,NA
NA,NA,NA,C1216,NA,NA,NA,1551,NA,NA,NA,NA,NA
NA,NA,NA,C1217,NA,NA,NA,750,NA,NA,NA,NA,NA
NA,NA,NA,C1218,NA,NA,NA,0,NA,NA,NA,NA,NA
NA,NA,NA,C1220,NA,NA,NA,1126,NA,NA,NA,NA,NA
NA,NA,NA,C1221,NA,NA,NA,300,NA,NA,NA,NA,NA
NA,NA,NA,C1222,NA,NA,NA,400,NA,NA,NA,NA,NA
NA,NA,NA,C1223,NA,NA,NA,750,NA,NA,NA,NA,NA
NA,NA,NA,C1224,NA,NA,NA,750,NA,NA,NA,NA,NA
NA,NA,NA,C1225,NA,NA,NA,250,NA,NA,NA,NA,NA
NA,NA,NA,C1226,NA,NA,NA,1004,NA,NA,NA,NA,NA
NA,NA,NA,C1227,NA,NA,NA,375,NA,NA,NA,NA,NA
NA,NA,NA,C1228,NA,NA,NA,872,NA,NA,NA,NA,NA
NA,NA,NA,C1229,NA,NA,NA,200,NA,NA,NA,NA,NA
NA,NA,NA,C1232,NA,NA,NA,250,NA,NA,NA,NA,NA
NA,NA,NA,C1233,NA,NA,NA,800,NA,NA,NA,NA,NA
NA,NA,NA,C1234,NA,NA,NA,609,NA,NA,NA,NA,NA
NA,NA,NA,C1235,NA,NA,NA,926,NA,NA,NA,NA,NA
NA,NA,NA,C2233,NA,NA,NA,150,NA,NA,NA,NA,NA
NA,NA,NA,C7461,NA,NA,NA,0,NA,NA,NA,NA,NA
NA,NA,NA,C8090,NA,NA,NA,250,NA,NA,NA,NA,NA
NA,NA,NA,C8091,NA,NA,NA,150,NA,NA,NA,NA,NA
NA,NA,NA,C8093,NA,NA,NA,35,NA,NA,NA,NA,NA
NA,NA,NA,C8094,NA,NA,NA,100,NA,NA,NA,NA,NA
NA,NA,NA,C8096,NA,NA,NA,670,NA,NA,NA,NA,NA
NA,NA,NA,C8099,NA,NA,NA,100,NA,NA,NA,NA,NA
NA,NA,NA,C8100,NA,NA,NA,100,NA,NA,NA,NA,NA
NA,NA,NA,C8102,NA,NA,NA,350,NA,NA,NA,NA,NA
NA,NA,NA,C8104,NA,NA,NA,200,NA,NA,NA,NA,NA
NA,NA,NA,C8107,NA,NA,NA,150,NA,NA,NA,NA,NA
NA,NA,NA,C8120,NA,NA,NA,0,NA,NA,NA,NA,NA
NA,NA,NA,C8125,NA,NA,NA,0,NA,NA,NA,NA,NA
NA,NA,NA,C8134,NA,NA,NA,704,NA,NA,NA,NA,NA
NA,NA,NA,C8142,NA,NA,NA,400,NA,NA,NA,NA,NA
NA,NA,NA,C8144,NA,NA,NA,420,NA,NA,NA,NA,NA
NA,NA,NA,C8145,NA,NA,NA,215,NA,NA,NA,NA,NA
NA,NA,NA,C8708,NA,NA,NA,60,NA,NA,NA,NA,NA
NA,NA,NA,C8709,NA,NA,NA,150,NA,NA,NA,NA,NA
NA,NA,NA,C1247,NA,NA,NA,1429,NA,NA,NA,NA,NA
NA,NA,NA,C1248,NA,NA,NA,1130,NA,NA,NA,NA,NA
NA,NA,NA,C1249,NA,NA,NA,857,NA,NA,NA,NA,NA
NA,NA,NA,C1251,NA,NA,NA,485,NA,NA,NA,NA,NA
NA,NA,NA,C1252,NA,NA,NA,317,NA,NA,NA,NA,NA
NA,NA,NA,C1253,NA,NA,NA,629,NA,NA,NA,NA,NA
NA,NA,NA,C1254,NA,NA,NA,555,NA,NA,NA,NA,NA
NA,NA,NA,C1255,NA,NA,NA,529,NA,NA,NA,NA,NA
NA,NA,NA,C1257,NA,NA,NA,1683,NA,NA,NA,NA,NA
NA,NA,NA,C1258,NA,NA,NA,940,NA,NA,NA,NA,NA
NA,NA,NA,C1259,NA,NA,NA,696,NA,NA,NA,NA,NA
NA,NA,NA,C1260,NA,NA,NA,908,NA,NA,NA,NA,NA
NA,NA,NA,C1261,NA,NA,NA,250,NA,NA,NA,NA,NA
NA,NA,NA,C1262,NA,NA,NA,392,NA,NA,NA,NA,NA
NA,NA,NA,C1263,NA,NA,NA,246,NA,NA,NA,NA,NA
NA,NA,NA,C1264,NA,NA,NA,486,NA,NA,NA,NA,NA
NA,NA,NA,C1265,NA,NA,NA,374,NA,NA,NA,NA,NA
NA,NA,NA,C1266,NA,NA,NA,640,NA,NA,NA,NA,NA
NA,NA,NA,C1267,NA,NA,NA,379,NA,NA,NA,NA,NA
NA,NA,NA,C1268,NA,NA,NA,227,NA,NA,NA,NA,NA
NA,NA,NA,C1269,NA,NA,NA,789,NA,NA,NA,NA,NA
NA,NA,NA,C1270,NA,NA,NA,385,NA,NA,NA,NA,NA
NA,NA,NA,C1271,NA,NA,NA,500,NA,NA,NA,NA,NA
NA,NA,NA,C1272,NA,NA,NA,543,NA,NA,NA,NA,NA
NA,NA,NA,C1273,NA,NA,NA,841,NA,NA,NA,NA,NA
NA,NA,NA,C1274,NA,NA,NA,732,NA,NA,NA,NA,NA
NA,NA,NA,C1275,NA,NA,NA,388,NA,NA,NA,NA,NA
NA,NA,NA,C7605,NA,NA,NA,84,NA,NA,NA,NA,NA
NA,NA,NA,C7607,NA,NA,NA,129,NA,NA,NA,NA,NA
NA,NA,NA,C8203,NA,NA,NA,122,NA,NA,NA,NA,NA
NA,NA,NA,C8218,NA,NA,NA,180,NA,NA,NA,NA,NA
NA,NA,NA,C8227,NA,NA,NA,250,NA,NA,NA,NA,NA
NA,NA,NA,C8238,NA,NA,NA,211,NA,NA,NA,NA,NA
NA,NA,NA,C8245,NA,NA,NA,163,NA,NA,NA,NA,NA
NA,NA,NA,C1323,NA,NA,NA,250,NA,NA,NA,NA,NA
NA,NA,NA,C1324,NA,NA,NA,366,NA,NA,NA,NA,NA
NA,NA,NA,C1325,NA,NA,NA,1600,NA,NA,NA,NA,NA
NA,NA,NA,C1326,NA,NA,NA,0,NA,NA,NA,NA,NA
NA,NA,NA,C1331,NA,NA,NA,1700,NA,NA,NA,NA,NA
NA,NA,NA,C1334,NA,NA,NA,600,NA,NA,NA,NA,NA
NA,NA,NA,C1335,NA,NA,NA,450,NA,NA,NA,NA,NA
NA,NA,NA,C1336,NA,NA,NA,730,NA,NA,NA,NA,NA
NA,NA,NA,C1338,NA,NA,NA,2930,NA,NA,NA,NA,NA
NA,NA,NA,C1340,NA,NA,NA,300,NA,NA,NA,NA,NA
NA,NA,NA,C1347,NA,NA,NA,1111,NA,NA,NA,NA,NA
NA,NA,NA,C1348,NA,NA,NA,0,NA,NA,NA,NA,NA
NA,NA,NA,C1349,NA,NA,NA,500,NA,NA,NA,NA,NA
NA,NA,NA,C1350,NA,NA,NA,200,NA,NA,NA,NA,NA
NA,NA,NA,C6413,NA,NA,NA,563,NA,NA,NA,NA,NA
NA,NA,NA,C6683,NA,NA,NA,200,NA,NA,NA,NA,NA
NA,NA,NA,C7481,NA,NA,NA,246,NA,NA,NA,NA,NA
NA,NA,NA,C7483,NA,NA,NA,348,NA,NA,NA,NA,NA
NA,NA,NA,C7510,NA,NA,NA,415,NA,NA,NA,NA,NA
NA,NA,NA,C8165,NA,NA,NA,310,NA,NA,NA,NA,NA
NA,NA,NA,C8170,NA,NA,NA,500,NA,NA,NA,NA,NA
NA,NA,NA,C8171,NA,NA,NA,0,NA,NA,NA,NA,NA
NA,NA,NA,C8182,NA,NA,NA,0,NA,NA,NA,NA,NA
NA,NA,NA,C8194,NA,NA,NA,254,NA,NA,NA,NA,NA
NA,NA,NA,C8205,NA,NA,NA,2955,NA,NA,NA,NA,NA
NA,NA,NA,C1354,NA,NA,NA,808,NA,NA,NA,NA,NA
NA,NA,NA,C1357,NA,NA,NA,0,NA,NA,NA,NA,NA
NA,NA,NA,C1358,NA,NA,NA,3600,NA,NA,NA,NA,NA
NA,NA,NA,C1360,NA,NA,NA,0,NA,NA,NA,NA,NA
NA,NA,NA,C1361,NA,NA,NA,2400,NA,NA,NA,NA,NA
NA,NA,NA,C1368,NA,NA,NA,265,NA,NA,NA,NA,NA
NA,NA,NA,C1369,NA,NA,NA,0,NA,NA,NA,NA,NA
NA,NA,NA,C1371,NA,NA,NA,0,NA,NA,NA,NA,NA
NA,NA,NA,C1375,NA,NA,NA,1251,NA,NA,NA,NA,NA
NA,NA,NA,C1377,NA,NA,NA,1833,NA,NA,NA,NA,NA
NA,NA,NA,C1379,NA,NA,NA,1000,NA,NA,NA,NA,NA
NA,NA,NA,C1380,NA,NA,NA,754,NA,NA,NA,NA,NA
NA,NA,NA,C1383,NA,NA,NA,580,NA,NA,NA,NA,NA
NA,NA,NA,C1384,NA,NA,NA,2885,NA,NA,NA,NA,NA
NA,NA,NA,C1385,NA,NA,NA,370,NA,NA,NA,NA,NA
NA,NA,NA,C1387,NA,NA,NA,1273,NA,NA,NA,NA,NA
NA,NA,NA,C6393,NA,NA,NA,0,NA,NA,NA,NA,NA
NA,NA,NA,C7465,NA,NA,NA,293,NA,NA,NA,NA,NA
NA,NA,NA,C8285,NA,NA,NA,0,NA,NA,NA,NA,NA
NA,NA,NA,C1440,NA,NA,NA,839,NA,NA,NA,NA,NA
NA,NA,NA,C1443,NA,NA,NA,271,NA,NA,NA,NA,NA
NA,NA,NA,C1450,NA,NA,NA,110,NA,NA,NA,NA,NA
NA,NA,NA,C1459,NA,NA,NA,417,NA,NA,NA,NA,NA
NA,NA,NA,C1462,NA,NA,NA,316,NA,NA,NA,NA,NA
NA,NA,NA,C1463,NA,NA,NA,308,NA,NA,NA,NA,NA
NA,NA,NA,C1466,NA,NA,NA,338,NA,NA,NA,NA,NA
NA,NA,NA,C1470,NA,NA,NA,437,NA,NA,NA,NA,NA
NA,NA,NA,C1471,NA,NA,NA,442,NA,NA,NA,NA,NA
NA,NA,NA,C1472,NA,NA,NA,978,NA,NA,NA,NA,NA
NA,NA,NA,C1474,NA,NA,NA,698,NA,NA,NA,NA,NA
NA,NA,NA,C1475,NA,NA,NA,150,NA,NA,NA,NA,NA
NA,NA,NA,C1477,NA,NA,NA,260,NA,NA,NA,NA,NA
NA,NA,NA,C1479,NA,NA,NA,397,NA,NA,NA,NA,NA
NA,NA,NA,C1482,NA,NA,NA,773,NA,NA,NA,NA,NA
NA,NA,NA,C1483,NA,NA,NA,363,NA,NA,NA,NA,NA
NA,NA,NA,C1485,NA,NA,NA,235,NA,NA,NA,NA,NA
NA,NA,NA,C1486,NA,NA,NA,1924,NA,NA,NA,NA,NA
NA,NA,NA,C1488,NA,NA,NA,2673,10,374.11148522259634,7,261.8780396558174,0.0061248241507699894
NA,NA,NA,C1489,NA,NA,NA,357,NA,NA,NA,NA,NA
NA,NA,NA,C1490,NA,NA,NA,177,NA,NA,NA,NA,NA
NA,NA,NA,C1492,NA,NA,NA,736,NA,NA,NA,NA,NA
NA,NA,NA,C6403,NA,NA,NA,371,NA,NA,NA,NA,NA
NA,NA,NA,C8237,NA,NA,NA,98,NA,NA,NA,NA,NA
NA,NA,NA,C8249,NA,NA,NA,105,NA,NA,NA,NA,NA
NA,NA,NA,C8280,NA,NA,NA,260,NA,NA,NA,NA,NA
NA,NA,NA,C8283,NA,NA,NA,343,NA,NA,NA,NA,NA
NA,NA,NA,C8287,NA,NA,NA,428,NA,NA,NA,NA,NA
NA,NA,NA,C1503,NA,NA,NA,926,NA,NA,NA,NA,NA
NA,NA,NA,C1509,NA,NA,NA,770,NA,NA,NA,NA,NA
NA,NA,NA,C1513,NA,NA,NA,820,NA,NA,NA,NA,NA
NA,NA,NA,C1516,NA,NA,NA,750,NA,NA,NA,NA,NA
NA,NA,NA,C8267,NA,NA,NA,37,NA,NA,NA,NA,NA
NA,NA,NA,C6405,NA,NA,NA,431,NA,NA,NA,NA,NA
NA,NA,NA,C7524,NA,NA,NA,376,NA,NA,NA,NA,NA
NA,NA,NA,C1536,NA,NA,NA,787,NA,NA,NA,NA,NA
NA,NA,NA,C1539,NA,NA,NA,461,NA,NA,NA,NA,NA
NA,NA,NA,C1540,NA,NA,NA,434,NA,NA,NA,NA,NA
NA,NA,NA,C1546,NA,NA,NA,265,NA,NA,NA,NA,NA
NA,NA,NA,C1554,NA,NA,NA,217,NA,NA,NA,NA,NA
NA,NA,NA,C6400,NA,NA,NA,166,NA,NA,NA,NA,NA
NA,NA,NA,C8200,NA,NA,NA,125,NA,NA,NA,NA,NA
NA,NA,NA,C8201,NA,NA,NA,755,NA,NA,NA,NA,NA
NA,NA,NA,C8216,NA,NA,NA,904,NA,NA,NA,NA,NA
NA,NA,NA,C8220,NA,NA,NA,666,NA,NA,NA,NA,NA
NA,NA,NA,C1563,NA,NA,NA,76,NA,NA,NA,NA,NA
NA,NA,NA,C1567,NA,NA,NA,0,NA,NA,NA,NA,NA
NA,NA,NA,C1569,NA,NA,NA,0,NA,NA,NA,NA,NA
NA,NA,NA,C1570,NA,NA,NA,0,NA,NA,NA,NA,NA
NA,NA,NA,C7549,NA,NA,NA,200,NA,NA,NA,NA,NA
NA,NA,NA,C1580,NA,NA,NA,1059,NA,NA,NA,NA,NA
NA,NA,NA,C1587,NA,NA,NA,429,NA,NA,NA,NA,NA
NA,NA,NA,C1589,NA,NA,NA,0,NA,NA,NA,NA,NA
NA,NA,NA,C1590,NA,NA,NA,700,NA,NA,NA,NA,NA
NA,NA,NA,C1596,NA,NA,NA,0,NA,NA,NA,NA,NA
NA,NA,NA,C1598,NA,NA,NA,0,NA,NA,NA,NA,NA
NA,NA,NA,C1611,NA,NA,NA,1094,NA,NA,NA,NA,NA
NA,NA,NA,C7476,NA,NA,NA,119,NA,NA,NA,NA,NA
NA,NA,NA,C7487,NA,NA,NA,620,NA,NA,NA,NA,NA
NA,NA,NA,C7492,NA,NA,NA,418,NA,NA,NA,NA,NA
NA,NA,NA,C7502,NA,NA,NA,833,NA,NA,NA,NA,NA
NA,NA,NA,C8158,NA,NA,NA,0,NA,NA,NA,NA,NA
NA,NA,NA,C8173,NA,NA,NA,350,NA,NA,NA,NA,NA
NA,NA,NA,C8179,NA,NA,NA,686,NA,NA,NA,NA,NA
NA,NA,NA,C1630,NA,NA,NA,0,NA,NA,NA,NA,NA
NA,NA,NA,C1631,NA,NA,NA,241,NA,NA,NA,NA,NA
NA,NA,NA,C1633,NA,NA,NA,149,NA,NA,NA,NA,NA
NA,NA,NA,C1634,NA,NA,NA,747,NA,NA,NA,NA,NA
NA,NA,NA,C1635,NA,NA,NA,0,NA,NA,NA,NA,NA
NA,NA,NA,C1637,NA,NA,NA,0,NA,NA,NA,NA,NA
NA,NA,NA,C1638,NA,NA,NA,5888,NA,NA,NA,NA,NA
NA,NA,NA,C1639,NA,NA,NA,494,NA,NA,NA,NA,NA
NA,NA,NA,C1640,NA,NA,NA,8753,NA,NA,NA,NA,NA
NA,NA,NA,C1641,NA,NA,NA,3989,NA,NA,NA,NA,NA
NA,NA,NA,C1644,NA,NA,NA,2375,NA,NA,NA,NA,NA
NA,NA,NA,C6418,NA,NA,NA,800,NA,NA,NA,NA,NA
NA,NA,NA,C6420,NA,NA,NA,142,NA,NA,NA,NA,NA
NA,NA,NA,C7474,NA,NA,NA,0,NA,NA,NA,NA,NA
NA,NA,NA,C7480,NA,NA,NA,0,NA,NA,NA,NA,NA
NA,NA,NA,C8140,NA,NA,NA,307,NA,NA,NA,NA,NA
NA,NA,NA,C8152,NA,NA,NA,262,NA,NA,NA,NA,NA
NA,NA,NA,C1645,NA,NA,NA,0,NA,NA,NA,NA,NA
NA,NA,NA,C1646,NA,NA,NA,15896,NA,NA,NA,NA,NA
NA,NA,NA,C1647,NA,NA,NA,0,NA,NA,NA,NA,NA
NA,NA,NA,C1648,NA,NA,NA,0,NA,NA,NA,NA,NA
NA,NA,NA,C1649,NA,NA,NA,0,NA,NA,NA,NA,NA
NA,NA,NA,C1650,NA,NA,NA,0,NA,NA,NA,NA,NA
NA,NA,NA,C1651,NA,NA,NA,0,NA,NA,NA,NA,NA
NA,NA,NA,C1652,NA,NA,NA,1354,NA,NA,NA,NA,NA
NA,NA,NA,C1653,NA,NA,NA,0,NA,NA,NA,NA,NA
NA,NA,NA,C1654,NA,NA,NA,0,NA,NA,NA,NA,NA
NA,NA,NA,C1655,NA,NA,NA,31120,NA,NA,NA,NA,NA
NA,NA,NA,C1656,NA,NA,NA,0,NA,NA,NA,NA,NA
NA,NA,NA,C7453,NA,NA,NA,0,NA,NA,NA,NA,NA
NA,NA,NA,C8121,NA,NA,NA,0,NA,NA,NA,NA,NA
NA,NA,NA,C1657,NA,NA,NA,442,NA,NA,NA,NA,NA
NA,NA,NA,C1662,NA,NA,NA,347,NA,NA,NA,NA,NA
NA,NA,NA,C8222,NA,NA,NA,672,NA,NA,NA,NA,NA
NA,NA,NA,C8231,NA,NA,NA,791,NA,NA,NA,NA,NA
NA,NA,NA,C8253,NA,NA,NA,227,NA,NA,NA,NA,NA
NA,NA,NA,C1675,NA,NA,NA,1160,NA,NA,NA,NA,NA
NA,NA,NA,C1744,NA,NA,NA,661,NA,NA,NA,NA,NA
NA,NA,NA,C1747,NA,NA,NA,650,NA,NA,NA,NA,NA
NA,NA,NA,C1766,NA,NA,NA,510,NA,NA,NA,NA,NA
NA,NA,NA,C1674,NA,NA,NA,1605,NA,NA,NA,NA,NA
NA,NA,NA,C1676,NA,NA,NA,2130,NA,NA,NA,NA,NA
NA,NA,NA,C1677,NA,NA,NA,980,NA,NA,NA,NA,NA
NA,NA,NA,C1678,NA,NA,NA,1125,NA,NA,NA,NA,NA
NA,NA,NA,C1679,NA,NA,NA,2015,NA,NA,NA,NA,NA
NA,NA,NA,C1680,NA,NA,NA,1385,NA,NA,NA,NA,NA
NA,NA,NA,C1681,NA,NA,NA,100,NA,NA,NA,NA,NA
NA,NA,NA,C1682,NA,NA,NA,1630,NA,NA,NA,NA,NA
NA,NA,NA,C1683,NA,NA,NA,2610,NA,NA,NA,NA,NA
NA,NA,NA,C1684,NA,NA,NA,1040,NA,NA,NA,NA,NA
NA,NA,NA,C1685,NA,NA,NA,980,NA,NA,NA,NA,NA
NA,NA,NA,C1686,NA,NA,NA,930,NA,NA,NA,NA,NA
NA,NA,NA,C1687,NA,NA,NA,2745,NA,NA,NA,NA,NA
NA,NA,NA,C1688,NA,NA,NA,1050,NA,NA,NA,NA,NA
NA,NA,NA,C1689,NA,NA,NA,1100,NA,NA,NA,NA,NA
NA,NA,NA,C1690,NA,NA,NA,1580,NA,NA,NA,NA,NA
NA,NA,NA,C1691,NA,NA,NA,925,NA,NA,NA,NA,NA
NA,NA,NA,C1692,NA,NA,NA,1530,NA,NA,NA,NA,NA
NA,NA,NA,C1693,NA,NA,NA,350,NA,NA,NA,NA,NA
NA,NA,NA,C1694,NA,NA,NA,500,NA,NA,NA,NA,NA
NA,NA,NA,C1695,NA,NA,NA,350,NA,NA,NA,NA,NA
NA,NA,NA,C1696,NA,NA,NA,850,NA,NA,NA,NA,NA
NA,NA,NA,C1697,NA,NA,NA,1025,NA,NA,NA,NA,NA
NA,NA,NA,C1698,NA,NA,NA,605,NA,NA,NA,NA,NA
NA,NA,NA,C1699,NA,NA,NA,1865,NA,NA,NA,NA,NA
NA,NA,NA,C1700,NA,NA,NA,935,NA,NA,NA,NA,NA
NA,NA,NA,C1701,NA,NA,NA,675,NA,NA,NA,NA,NA
NA,NA,NA,C1702,NA,NA,NA,680,NA,NA,NA,NA,NA
NA,NA,NA,C1703,NA,NA,NA,0,NA,NA,NA,NA,NA
NA,NA,NA,C1704,NA,NA,NA,1550,NA,NA,NA,NA,NA
NA,NA,NA,C1705,NA,NA,NA,350,NA,NA,NA,NA,NA
NA,NA,NA,C1706,NA,NA,NA,800,NA,NA,NA,NA,NA
NA,NA,NA,C1707,NA,NA,NA,1060,NA,NA,NA,NA,NA
NA,NA,NA,C1708,NA,NA,NA,1015,NA,NA,NA,NA,NA
NA,NA,NA,C1709,NA,NA,NA,1000,NA,NA,NA,NA,NA
NA,NA,NA,C1710,NA,NA,NA,890,NA,NA,NA,NA,NA
NA,NA,NA,C1711,NA,NA,NA,1300,NA,NA,NA,NA,NA
NA,NA,NA,C1712,NA,NA,NA,500,NA,NA,NA,NA,NA
NA,NA,NA,C1713,NA,NA,NA,450,NA,NA,NA,NA,NA
NA,NA,NA,C1714,NA,NA,NA,1165,NA,NA,NA,NA,NA
NA,NA,NA,C1715,NA,NA,NA,2110,NA,NA,NA,NA,NA
NA,NA,NA,C1716,NA,NA,NA,2125,NA,NA,NA,NA,NA
NA,NA,NA,C1717,NA,NA,NA,2800,NA,NA,NA,NA,NA
NA,NA,NA,C1719,NA,NA,NA,2425,NA,NA,NA,NA,NA
NA,NA,NA,C1720,NA,NA,NA,1275,NA,NA,NA,NA,NA
NA,NA,NA,C1721,NA,NA,NA,850,NA,NA,NA,NA,NA
NA,NA,NA,C1722,NA,NA,NA,940,NA,NA,NA,NA,NA
NA,NA,NA,C1723,NA,NA,NA,1015,NA,NA,NA,NA,NA
NA,NA,NA,C1724,NA,NA,NA,1700,NA,NA,NA,NA,NA
NA,NA,NA,C1725,NA,NA,NA,2015,NA,NA,NA,NA,NA
NA,NA,NA,C1726,NA,NA,NA,840,NA,NA,NA,NA,NA
NA,NA,NA,C1727,NA,NA,NA,800,NA,NA,NA,NA,NA
NA,NA,NA,C1728,NA,NA,NA,600,NA,NA,NA,NA,NA
NA,NA,NA,C1729,NA,NA,NA,1160,NA,NA,NA,NA,NA
NA,NA,NA,C1730,NA,NA,NA,200,NA,NA,NA,NA,NA
NA,NA,NA,C1731,NA,NA,NA,5500,NA,NA,NA,NA,NA
NA,NA,NA,C1732,NA,NA,NA,935,NA,NA,NA,NA,NA
NA,NA,NA,C1733,NA,NA,NA,780,NA,NA,NA,NA,NA
NA,NA,NA,C1734,NA,NA,NA,1950,NA,NA,NA,NA,NA
NA,NA,NA,C1735,NA,NA,NA,1330,NA,NA,NA,NA,NA
NA,NA,NA,C1736,NA,NA,NA,400,NA,NA,NA,NA,NA
NA,NA,NA,C1737,NA,NA,NA,1035,NA,NA,NA,NA,NA
NA,NA,NA,C1738,NA,NA,NA,2075,NA,NA,NA,NA,NA
NA,NA,NA,C1739,NA,NA,NA,7055,NA,NA,NA,NA,NA
NA,NA,NA,C1740,NA,NA,NA,1130,NA,NA,NA,NA,NA
NA,NA,NA,C1741,NA,NA,NA,1475,NA,NA,NA,NA,NA
NA,NA,NA,C1742,NA,NA,NA,565,NA,NA,NA,NA,NA
NA,NA,NA,C1743,NA,NA,NA,1925,NA,NA,NA,NA,NA
NA,NA,NA,C1745,NA,NA,NA,1000,NA,NA,NA,NA,NA
NA,NA,NA,C1746,NA,NA,NA,1125,NA,NA,NA,NA,NA
NA,NA,NA,C1748,NA,NA,NA,0,NA,NA,NA,NA,NA
NA,NA,NA,C1749,NA,NA,NA,700,NA,NA,NA,NA,NA
NA,NA,NA,C1750,NA,NA,NA,650,NA,NA,NA,NA,NA
NA,NA,NA,C1751,NA,NA,NA,500,NA,NA,NA,NA,NA
NA,NA,NA,C1752,NA,NA,NA,1610,NA,NA,NA,NA,NA
NA,NA,NA,C1753,NA,NA,NA,625,NA,NA,NA,NA,NA
NA,NA,NA,C1754,NA,NA,NA,1205,NA,NA,NA,NA,NA
NA,NA,NA,C1755,NA,NA,NA,2085,NA,NA,NA,NA,NA
NA,NA,NA,C1756,NA,NA,NA,975,NA,NA,NA,NA,NA
NA,NA,NA,C1757,NA,NA,NA,1765,NA,NA,NA,NA,NA
NA,NA,NA,C1758,NA,NA,NA,875,NA,NA,NA,NA,NA
NA,NA,NA,C1759,NA,NA,NA,600,NA,NA,NA,NA,NA
NA,NA,NA,C1760,NA,NA,NA,950,NA,NA,NA,NA,NA
NA,NA,NA,C1761,NA,NA,NA,860,NA,NA,NA,NA,NA
NA,NA,NA,C1762,NA,NA,NA,1390,NA,NA,NA,NA,NA
NA,NA,NA,C1763,NA,NA,NA,660,NA,NA,NA,NA,NA
NA,NA,NA,C1764,NA,NA,NA,1140,NA,NA,NA,NA,NA
NA,NA,NA,C1765,NA,NA,NA,960,NA,NA,NA,NA,NA
NA,NA,NA,C1767,NA,NA,NA,154660,NA,NA,NA,NA,NA
NA,NA,NA,C1768,NA,NA,NA,2625,NA,NA,NA,NA,NA
NA,NA,NA,C1769,NA,NA,NA,2230,NA,NA,NA,NA,NA
NA,NA,NA,C1770,NA,NA,NA,1035,NA,NA,NA,NA,NA
NA,NA,NA,C1771,NA,NA,NA,625,NA,NA,NA,NA,NA
NA,NA,NA,C1772,NA,NA,NA,700,NA,NA,NA,NA,NA
NA,NA,NA,C1773,NA,NA,NA,595,NA,NA,NA,NA,NA
NA,NA,NA,C1774,NA,NA,NA,870,NA,NA,NA,NA,NA
NA,NA,NA,C1775,NA,NA,NA,1000,NA,NA,NA,NA,NA
NA,NA,NA,C1776,NA,NA,NA,1125,NA,NA,NA,NA,NA
NA,NA,NA,C1777,NA,NA,NA,775,NA,NA,NA,NA,NA
NA,NA,NA,C1778,NA,NA,NA,720,NA,NA,NA,NA,NA
NA,NA,NA,C1779,NA,NA,NA,1130,NA,NA,NA,NA,NA
NA,NA,NA,C1780,NA,NA,NA,750,NA,NA,NA,NA,NA
NA,NA,NA,C1781,NA,NA,NA,1065,NA,NA,NA,NA,NA
NA,NA,NA,C1782,NA,NA,NA,1000,NA,NA,NA,NA,NA
NA,NA,NA,C1783,NA,NA,NA,2055,NA,NA,NA,NA,NA
NA,NA,NA,C1784,NA,NA,NA,625,NA,NA,NA,NA,NA
NA,NA,NA,C1785,NA,NA,NA,875,NA,NA,NA,NA,NA
NA,NA,NA,C1786,NA,NA,NA,590,NA,NA,NA,NA,NA
NA,NA,NA,C1787,NA,NA,NA,515,NA,NA,NA,NA,NA
NA,NA,NA,C1788,NA,NA,NA,1125,NA,NA,NA,NA,NA
NA,NA,NA,C1789,NA,NA,NA,620,NA,NA,NA,NA,NA
NA,NA,NA,C1790,NA,NA,NA,650,NA,NA,NA,NA,NA
NA,NA,NA,C1791,NA,NA,NA,1325,NA,NA,NA,NA,NA
NA,NA,NA,C1792,NA,NA,NA,1595,NA,NA,NA,NA,NA
NA,NA,NA,C1793,NA,NA,NA,700,NA,NA,NA,NA,NA
NA,NA,NA,C1794,NA,NA,NA,750,NA,NA,NA,NA,NA
NA,NA,NA,C1795,NA,NA,NA,400,NA,NA,NA,NA,NA
NA,NA,NA,C6335,NA,NA,NA,900,NA,NA,NA,NA,NA
NA,NA,NA,C6431,NA,NA,NA,2135,NA,NA,NA,NA,NA
NA,NA,NA,C6432,NA,NA,NA,1500,NA,NA,NA,NA,NA
NA,NA,NA,C7434,NA,NA,NA,200,NA,NA,NA,NA,NA
NA,NA,NA,C7503,NA,NA,NA,500,NA,NA,NA,NA,NA
NA,NA,NA,C7526,NA,NA,NA,575,NA,NA,NA,NA,NA
NA,NA,NA,C8111,NA,NA,NA,300,NA,NA,NA,NA,NA
NA,NA,NA,C8186,NA,NA,NA,300,NA,NA,NA,NA,NA
NA,NA,NA,C8192,NA,NA,NA,750,NA,NA,NA,NA,NA
NA,NA,NA,C8197,NA,NA,NA,1700,NA,NA,NA,NA,NA
NA,NA,NA,C8198,NA,NA,NA,680,NA,NA,NA,NA,NA
NA,NA,NA,C2218,NA,NA,NA,581,NA,NA,NA,NA,NA
NA,NA,NA,C2223,NA,NA,NA,418,NA,NA,NA,NA,NA
NA,NA,NA,C7554,NA,NA,NA,750,NA,NA,NA,NA,NA
NA,NA,NA,C8243,NA,NA,NA,250,NA,NA,NA,NA,NA
NA,NA,NA,C8274,NA,NA,NA,315,NA,NA,NA,NA,NA
NA,NA,NA,C2253,NA,NA,NA,630,NA,NA,NA,NA,NA
NA,NA,NA,C7520,NA,NA,NA,518,NA,NA,NA,NA,NA
NA,NA,NA,C7609,NA,NA,NA,120,NA,NA,NA,NA,NA
NA,NA,NA,C7610,NA,NA,NA,234,NA,NA,NA,NA,NA
NA,NA,NA,C7619,NA,NA,NA,255,NA,NA,NA,NA,NA
NA,NA,NA,C7624,NA,NA,NA,240,NA,NA,NA,NA,NA
NA,NA,NA,C3151,NA,NA,NA,0,NA,NA,NA,NA,NA
NA,NA,NA,C3152,NA,NA,NA,1200,NA,NA,NA,NA,NA
NA,NA,NA,C3153,NA,NA,NA,245,NA,NA,NA,NA,NA
NA,NA,NA,C3154,NA,NA,NA,0,NA,NA,NA,NA,NA
NA,NA,NA,C3155,NA,NA,NA,0,NA,NA,NA,NA,NA
NA,NA,NA,C3156,NA,NA,NA,162,NA,NA,NA,NA,NA
NA,NA,NA,C3157,NA,NA,NA,114,NA,NA,NA,NA,NA
NA,NA,NA,C3158,NA,NA,NA,0,NA,NA,NA,NA,NA
NA,NA,NA,C3159,NA,NA,NA,0,NA,NA,NA,NA,NA
NA,NA,NA,C3160,NA,NA,NA,0,NA,NA,NA,NA,NA
NA,NA,NA,C3161,NA,NA,NA,163,NA,NA,NA,NA,NA
NA,NA,NA,C3162,NA,NA,NA,0,NA,NA,NA,NA,NA
NA,NA,NA,C3163,NA,NA,NA,0,NA,NA,NA,NA,NA
NA,NA,NA,C3165,NA,NA,NA,0,NA,NA,NA,NA,NA
NA,NA,NA,C3166,NA,NA,NA,0,NA,NA,NA,NA,NA
NA,NA,NA,C3167,NA,NA,NA,57,NA,NA,NA,NA,NA
NA,NA,NA,C3168,NA,NA,NA,47,NA,NA,NA,NA,NA
NA,NA,NA,C3172,NA,NA,NA,0,NA,NA,NA,NA,NA
NA,NA,NA,C6545,NA,NA,NA,0,NA,NA,NA,NA,NA
NA,NA,NA,C6546,NA,NA,NA,0,NA,NA,NA,NA,NA
NA,NA,NA,C6547,NA,NA,NA,0,NA,NA,NA,NA,NA
NA,NA,NA,C6548,NA,NA,NA,209,NA,NA,NA,NA,NA
NA,NA,NA,C6710,NA,NA,NA,210,NA,NA,NA,NA,NA
NA,NA,NA,C7912,NA,NA,NA,508,NA,NA,NA,NA,NA
NA,NA,NA,C3186,NA,NA,NA,0,NA,NA,NA,NA,NA
NA,NA,NA,C3187,NA,NA,NA,0,NA,NA,NA,NA,NA
NA,NA,NA,C3188,NA,NA,NA,375,NA,NA,NA,NA,NA
NA,NA,NA,C3189,NA,NA,NA,510,NA,NA,NA,NA,NA
NA,NA,NA,C3190,NA,NA,NA,54,NA,NA,NA,NA,NA
NA,NA,NA,C3191,NA,NA,NA,0,NA,NA,NA,NA,NA
NA,NA,NA,C3193,NA,NA,NA,0,NA,NA,NA,NA,NA
NA,NA,NA,C3194,NA,NA,NA,0,NA,NA,NA,NA,NA
NA,NA,NA,C3195,NA,NA,NA,0,NA,NA,NA,NA,NA
NA,NA,NA,C3196,NA,NA,NA,0,NA,NA,NA,NA,NA
NA,NA,NA,C3197,NA,NA,NA,0,NA,NA,NA,NA,NA
NA,NA,NA,C3198,NA,NA,NA,0,NA,NA,NA,NA,NA
NA,NA,NA,C3199,NA,NA,NA,0,NA,NA,NA,NA,NA
NA,NA,NA,C3200,NA,NA,NA,0,NA,NA,NA,NA,NA
NA,NA,NA,C3201,NA,NA,NA,2525,NA,NA,NA,NA,NA
NA,NA,NA,C3202,NA,NA,NA,345,NA,NA,NA,NA,NA
NA,NA,NA,C3203,NA,NA,NA,2425,NA,NA,NA,NA,NA
NA,NA,NA,C3204,NA,NA,NA,0,NA,NA,NA,NA,NA
NA,NA,NA,C3205,NA,NA,NA,305,NA,NA,NA,NA,NA
NA,NA,NA,C3206,NA,NA,NA,0,NA,NA,NA,NA,NA
NA,NA,NA,C3207,NA,NA,NA,1500,NA,NA,NA,NA,NA
NA,NA,NA,C3208,NA,NA,NA,0,NA,NA,NA,NA,NA
NA,NA,NA,C3209,NA,NA,NA,320,NA,NA,NA,NA,NA
NA,NA,NA,C6544,NA,NA,NA,0,NA,NA,NA,NA,NA
NA,NA,NA,C7195,NA,NA,NA,0,NA,NA,NA,NA,NA
NA,NA,NA,C7196,NA,NA,NA,0,NA,NA,NA,NA,NA
NA,NA,NA,C7197,NA,NA,NA,0,NA,NA,NA,NA,NA
NA,NA,NA,C7873,NA,NA,NA,0,NA,NA,NA,NA,NA
NA,NA,NA,C7879,NA,NA,NA,0,NA,NA,NA,NA,NA
NA,NA,NA,C7880,NA,NA,NA,0,NA,NA,NA,NA,NA
NA,NA,NA,C7896,NA,NA,NA,0,NA,NA,NA,NA,NA
NA,NA,NA,C3498,NA,NA,NA,0,NA,NA,NA,NA,NA
NA,NA,NA,C3499,NA,NA,NA,0,NA,NA,NA,NA,NA
NA,NA,NA,C3500,NA,NA,NA,0,NA,NA,NA,NA,NA
NA,NA,NA,C3501,NA,NA,NA,0,NA,NA,NA,NA,NA
NA,NA,NA,C3502,NA,NA,NA,0,NA,NA,NA,NA,NA
NA,NA,NA,C3503,NA,NA,NA,0,NA,NA,NA,NA,NA
NA,NA,NA,C3504,NA,NA,NA,2,NA,NA,NA,NA,NA
NA,NA,NA,C3505,NA,NA,NA,0,NA,NA,NA,NA,NA
NA,NA,NA,C3506,NA,NA,NA,0,NA,NA,NA,NA,NA
NA,NA,NA,C3507,NA,NA,NA,140,NA,NA,NA,NA,NA
NA,NA,NA,C3508,NA,NA,NA,0,NA,NA,NA,NA,NA
NA,NA,NA,C3509,NA,NA,NA,0,NA,NA,NA,NA,NA
NA,NA,NA,C3510,NA,NA,NA,0,NA,NA,NA,NA,NA
NA,NA,NA,C3511,NA,NA,NA,0,NA,NA,NA,NA,NA
NA,NA,NA,C3512,NA,NA,NA,0,NA,NA,NA,NA,NA
NA,NA,NA,C3513,NA,NA,NA,0,NA,NA,NA,NA,NA
NA,NA,NA,C3514,NA,NA,NA,0,NA,NA,NA,NA,NA
NA,NA,NA,C3515,NA,NA,NA,0,NA,NA,NA,NA,NA
NA,NA,NA,C3516,NA,NA,NA,135,NA,NA,NA,NA,NA
NA,NA,NA,C3517,NA,NA,NA,0,NA,NA,NA,NA,NA
NA,NA,NA,C3518,NA,NA,NA,0,NA,NA,NA,NA,NA
NA,NA,NA,C6650,NA,NA,NA,0,NA,NA,NA,NA,NA
NA,NA,NA,C6651,NA,NA,NA,0,NA,NA,NA,NA,NA
NA,NA,NA,C6652,NA,NA,NA,0,NA,NA,NA,NA,NA
NA,NA,NA,C6653,NA,NA,NA,0,NA,NA,NA,NA,NA
NA,NA,NA,C6654,NA,NA,NA,0,NA,NA,NA,NA,NA
NA,NA,NA,C7212,NA,NA,NA,0,NA,NA,NA,NA,NA
NA,NA,NA,C7214,NA,NA,NA,0,NA,NA,NA,NA,NA
NA,NA,NA,C7961,NA,NA,NA,125,NA,NA,NA,NA,NA
NA,NA,NA,C7963,NA,NA,NA,0,NA,NA,NA,NA,NA
NA,NA,NA,C7964,NA,NA,NA,0,NA,NA,NA,NA,NA
NA,NA,NA,C7970,NA,NA,NA,0,NA,NA,NA,NA,NA
NA,NA,NA,C7973,NA,NA,NA,0,NA,NA,NA,NA,NA
NA,NA,NA,C7976,NA,NA,NA,0,NA,NA,NA,NA,NA
NA,NA,NA,C7977,NA,NA,NA,0,NA,NA,NA,NA,NA
NA,NA,NA,C7982,NA,NA,NA,0,NA,NA,NA,NA,NA
NA,NA,NA,C3722,NA,NA,NA,285,NA,NA,NA,NA,NA
NA,NA,NA,C3723,NA,NA,NA,0,NA,NA,NA,NA,NA
NA,NA,NA,C3724,NA,NA,NA,0,NA,NA,NA,NA,NA
NA,NA,NA,C3725,NA,NA,NA,0,NA,NA,NA,NA,NA
NA,NA,NA,C3726,NA,NA,NA,0,NA,NA,NA,NA,NA
NA,NA,NA,C3727,NA,NA,NA,0,NA,NA,NA,NA,NA
NA,NA,NA,C3728,NA,NA,NA,0,NA,NA,NA,NA,NA
NA,NA,NA,C3729,NA,NA,NA,0,NA,NA,NA,NA,NA
NA,NA,NA,C3730,NA,NA,NA,0,NA,NA,NA,NA,NA
NA,NA,NA,C3731,NA,NA,NA,0,NA,NA,NA,NA,NA
NA,NA,NA,C3732,NA,NA,NA,0,NA,NA,NA,NA,NA
NA,NA,NA,C3733,NA,NA,NA,490,NA,NA,NA,NA,NA
NA,NA,NA,C3734,NA,NA,NA,0,NA,NA,NA,NA,NA
NA,NA,NA,C3735,NA,NA,NA,235,NA,NA,NA,NA,NA
NA,NA,NA,C3736,NA,NA,NA,150,NA,NA,NA,NA,NA
NA,NA,NA,C3737,NA,NA,NA,0,NA,NA,NA,NA,NA
NA,NA,NA,C3738,NA,NA,NA,0,NA,NA,NA,NA,NA
NA,NA,NA,C3739,NA,NA,NA,0,NA,NA,NA,NA,NA
NA,NA,NA,C3740,NA,NA,NA,0,NA,NA,NA,NA,NA
NA,NA,NA,C3741,NA,NA,NA,0,NA,NA,NA,NA,NA
NA,NA,NA,C3742,NA,NA,NA,0,NA,NA,NA,NA,NA
NA,NA,NA,C3743,NA,NA,NA,0,NA,NA,NA,NA,NA
NA,NA,NA,C3744,NA,NA,NA,0,NA,NA,NA,NA,NA
NA,NA,NA,C3745,NA,NA,NA,0,NA,NA,NA,NA,NA
NA,NA,NA,C3746,NA,NA,NA,168,NA,NA,NA,NA,NA
NA,NA,NA,C3747,NA,NA,NA,0,NA,NA,NA,NA,NA
NA,NA,NA,C3748,NA,NA,NA,0,NA,NA,NA,NA,NA
NA,NA,NA,C3749,NA,NA,NA,0,NA,NA,NA,NA,NA
NA,NA,NA,C3750,NA,NA,NA,31,NA,NA,NA,NA,NA
NA,NA,NA,C3751,NA,NA,NA,0,NA,NA,NA,NA,NA
NA,NA,NA,C3752,NA,NA,NA,0,NA,NA,NA,NA,NA
NA,NA,NA,C3753,NA,NA,NA,0,NA,NA,NA,NA,NA
NA,NA,NA,C3754,NA,NA,NA,0,NA,NA,NA,NA,NA
NA,NA,NA,C6354,NA,NA,NA,195,NA,NA,NA,NA,NA
NA,NA,NA,C6643,NA,NA,NA,0,NA,NA,NA,NA,NA
NA,NA,NA,C6644,NA,NA,NA,0,NA,NA,NA,NA,NA
NA,NA,NA,C6645,NA,NA,NA,0,NA,NA,NA,NA,NA
NA,NA,NA,C6646,NA,NA,NA,0,NA,NA,NA,NA,NA
NA,NA,NA,C6647,NA,NA,NA,15,NA,NA,NA,NA,NA
NA,NA,NA,C7206,NA,NA,NA,0,NA,NA,NA,NA,NA
NA,NA,NA,C7207,NA,NA,NA,0,NA,NA,NA,NA,NA
NA,NA,NA,C7208,NA,NA,NA,0,NA,NA,NA,NA,NA
NA,NA,NA,C7209,NA,NA,NA,0,NA,NA,NA,NA,NA
NA,NA,NA,C7211,NA,NA,NA,0,NA,NA,NA,NA,NA
NA,NA,NA,C7923,NA,NA,NA,0,NA,NA,NA,NA,NA
NA,NA,NA,C7927,NA,NA,NA,0,NA,NA,NA,NA,NA
NA,NA,NA,C7929,NA,NA,NA,125,NA,NA,NA,NA,NA
NA,NA,NA,C7931,NA,NA,NA,0,NA,NA,NA,NA,NA
NA,NA,NA,C7935,NA,NA,NA,0,NA,NA,NA,NA,NA
NA,NA,NA,C7938,NA,NA,NA,0,NA,NA,NA,NA,NA
NA,NA,NA,C7940,NA,NA,NA,0,NA,NA,NA,NA,NA
NA,NA,NA,C7941,NA,NA,NA,0,NA,NA,NA,NA,NA
NA,NA,NA,C7951,NA,NA,NA,0,NA,NA,NA,NA,NA
NA,NA,NA,C7952,NA,NA,NA,0,NA,NA,NA,NA,NA
NA,NA,NA,C7955,NA,NA,NA,0,NA,NA,NA,NA,NA
NA,NA,NA,C8031,NA,NA,NA,72,NA,NA,NA,NA,NA
NA,NA,NA,C3907,NA,NA,NA,0,NA,NA,NA,NA,NA
NA,NA,NA,C3908,NA,NA,NA,0,NA,NA,NA,NA,NA
NA,NA,NA,C3909,NA,NA,NA,0,NA,NA,NA,NA,NA
NA,NA,NA,C3910,NA,NA,NA,0,NA,NA,NA,NA,NA
NA,NA,NA,C3911,NA,NA,NA,0,NA,NA,NA,NA,NA
NA,NA,NA,C3912,NA,NA,NA,0,NA,NA,NA,NA,NA
NA,NA,NA,C3913,NA,NA,NA,0,NA,NA,NA,NA,NA
NA,NA,NA,C3914,NA,NA,NA,0,NA,NA,NA,NA,NA
NA,NA,NA,C3915,NA,NA,NA,0,NA,NA,NA,NA,NA
NA,NA,NA,C3918,NA,NA,NA,0,NA,NA,NA,NA,NA
NA,NA,NA,C3919,NA,NA,NA,0,NA,NA,NA,NA,NA
NA,NA,NA,C3920,NA,NA,NA,1614,49,3035.9355638166044,125,7744.733581164807,0.09187925419324203
NA,NA,NA,C3921,NA,NA,NA,0,NA,NA,NA,NA,NA
NA,NA,NA,C3922,NA,NA,NA,0,NA,NA,NA,NA,NA
NA,NA,NA,C3923,NA,NA,NA,0,NA,NA,NA,NA,NA
NA,NA,NA,C3924,NA,NA,NA,0,NA,NA,NA,NA,NA
NA,NA,NA,C3925,NA,NA,NA,0,NA,NA,NA,NA,NA
NA,NA,NA,C3926,NA,NA,NA,0,NA,NA,NA,NA,NA
NA,NA,NA,C3927,NA,NA,NA,0,NA,NA,NA,NA,NA
NA,NA,NA,C3928,NA,NA,NA,0,NA,NA,NA,NA,NA
NA,NA,NA,C3929,NA,NA,NA,0,NA,NA,NA,NA,NA
NA,NA,NA,C3930,NA,NA,NA,0,NA,NA,NA,NA,NA
NA,NA,NA,C3931,NA,NA,NA,0,NA,NA,NA,NA,NA
NA,NA,NA,C6634,NA,NA,NA,0,NA,NA,NA,NA,NA
NA,NA,NA,C6716,NA,NA,NA,0,NA,NA,NA,NA,NA
NA,NA,NA,C8433,NA,NA,NA,0,NA,NA,NA,NA,NA
NA,NA,NA,C8434,NA,NA,NA,0,NA,NA,NA,NA,NA
NA,NA,NA,C3933,NA,NA,NA,0,NA,NA,NA,NA,NA
NA,NA,NA,C3935,NA,NA,NA,4780,NA,NA,NA,NA,NA
NA,NA,NA,C6635,NA,NA,NA,0,NA,NA,NA,NA,NA
NA,NA,NA,C6636,NA,NA,NA,0,NA,NA,NA,NA,NA
NA,NA,NA,C8048,NA,NA,NA,0,NA,NA,NA,NA,NA
NA,NA,NA,C8436,NA,NA,NA,817,NA,NA,NA,NA,NA
NA,NA,NA,C8437,NA,NA,NA,368,NA,NA,NA,NA,NA
NA,NA,NA,C8439,NA,NA,NA,0,NA,NA,NA,NA,NA
NA,NA,NA,C8440,NA,NA,NA,0,NA,NA,NA,NA,NA
NA,NA,NA,C4056,NA,NA,NA,0,NA,NA,NA,NA,NA
NA,NA,NA,C4058,NA,NA,NA,0,NA,NA,NA,NA,NA
NA,NA,NA,C4068,NA,NA,NA,0,NA,NA,NA,NA,NA
NA,NA,NA,C4070,NA,NA,NA,0,NA,NA,NA,NA,NA
NA,NA,NA,C4071,NA,NA,NA,0,NA,NA,NA,NA,NA
NA,NA,NA,C4049,NA,NA,NA,0,NA,NA,NA,NA,NA
NA,NA,NA,C4050,NA,NA,NA,0,NA,NA,NA,NA,NA
NA,NA,NA,C4051,NA,NA,NA,0,NA,NA,NA,NA,NA
NA,NA,NA,C4052,NA,NA,NA,0,NA,NA,NA,NA,NA
NA,NA,NA,C4053,NA,NA,NA,0,NA,NA,NA,NA,NA
NA,NA,NA,C4054,NA,NA,NA,0,NA,NA,NA,NA,NA
NA,NA,NA,C4055,NA,NA,NA,0,NA,NA,NA,NA,NA
NA,NA,NA,C4057,NA,NA,NA,0,NA,NA,NA,NA,NA
NA,NA,NA,C4059,NA,NA,NA,0,NA,NA,NA,NA,NA
NA,NA,NA,C4060,NA,NA,NA,0,NA,NA,NA,NA,NA
NA,NA,NA,C4061,NA,NA,NA,0,NA,NA,NA,NA,NA
NA,NA,NA,C4062,NA,NA,NA,0,NA,NA,NA,NA,NA
NA,NA,NA,C4063,NA,NA,NA,0,NA,NA,NA,NA,NA
NA,NA,NA,C4064,NA,NA,NA,494,NA,NA,NA,NA,NA
NA,NA,NA,C4065,NA,NA,NA,0,NA,NA,NA,NA,NA
NA,NA,NA,C4066,NA,NA,NA,0,NA,NA,NA,NA,NA
NA,NA,NA,C4067,NA,NA,NA,0,NA,NA,NA,NA,NA
NA,NA,NA,C4069,NA,NA,NA,0,NA,NA,NA,NA,NA
NA,NA,NA,C4072,NA,NA,NA,0,NA,NA,NA,NA,NA
NA,NA,NA,C4073,NA,NA,NA,0,NA,NA,NA,NA,NA
NA,NA,NA,C4074,NA,NA,NA,0,NA,NA,NA,NA,NA
NA,NA,NA,C6594,NA,NA,NA,0,NA,NA,NA,NA,NA
NA,NA,NA,C6595,NA,NA,NA,0,NA,NA,NA,NA,NA
NA,NA,NA,C6709,NA,NA,NA,0,NA,NA,NA,NA,NA
NA,NA,NA,C7904,NA,NA,NA,0,NA,NA,NA,NA,NA
NA,NA,NA,C8445,NA,NA,NA,0,NA,NA,NA,NA,NA
NA,NA,NA,C8446,NA,NA,NA,0,NA,NA,NA,NA,NA
NA,NA,NA,C8447,NA,NA,NA,0,NA,NA,NA,NA,NA
NA,NA,NA,C8448,NA,NA,NA,0,NA,NA,NA,NA,NA
NA,NA,NA,C8449,NA,NA,NA,0,NA,NA,NA,NA,NA
NA,NA,NA,C8450,NA,NA,NA,0,NA,NA,NA,NA,NA
NA,NA,NA,C4118,NA,NA,NA,243,NA,NA,NA,NA,NA
NA,NA,NA,C4119,NA,NA,NA,508,NA,NA,NA,NA,NA
NA,NA,NA,C8420,NA,NA,NA,1650,NA,NA,NA,NA,NA
NA,NA,NA,C8421,NA,NA,NA,278,NA,NA,NA,NA,NA
NA,NA,NA,C4144,NA,NA,NA,359,NA,NA,NA,NA,NA
NA,NA,NA,C6617,NA,NA,NA,663,NA,NA,NA,NA,NA
NA,NA,NA,C8423,NA,NA,NA,742,NA,NA,NA,NA,NA
NA,NA,NA,C8424,NA,NA,NA,1497,NA,NA,NA,NA,NA
NA,NA,NA,C8425,NA,NA,NA,1004,NA,NA,NA,NA,NA
NA,NA,NA,C8426,NA,NA,NA,370,NA,NA,NA,NA,NA
NA,NA,NA,C4153,NA,NA,NA,428,NA,NA,NA,NA,NA
NA,NA,NA,C4154,NA,NA,NA,674,NA,NA,NA,NA,NA
NA,NA,NA,C4155,NA,NA,NA,749,NA,NA,NA,NA,NA
NA,NA,NA,C7403,NA,NA,NA,182,NA,NA,NA,NA,NA
NA,NA,NA,C7408,NA,NA,NA,1446,NA,NA,NA,NA,NA
NA,NA,NA,C8428,NA,NA,NA,390,NA,NA,NA,NA,NA
NA,NA,NA,C8429,NA,NA,NA,540,NA,NA,NA,NA,NA
NA,NA,NA,C4182,NA,NA,NA,1234,NA,NA,NA,NA,NA
NA,NA,NA,C8431,NA,NA,NA,71,NA,NA,NA,NA,NA
NA,NA,NA,C8432,NA,NA,NA,333,NA,NA,NA,NA,NA
NA,NA,NA,C4186,NA,NA,NA,89,NA,NA,NA,NA,NA
NA,NA,NA,C4188,NA,NA,NA,0,NA,NA,NA,NA,NA
NA,NA,NA,C4196,NA,NA,NA,749,NA,NA,NA,NA,NA
NA,NA,NA,C4201,NA,NA,NA,602,NA,NA,NA,NA,NA
NA,NA,NA,C4213,NA,NA,NA,292,NA,NA,NA,NA,NA
NA,NA,NA,C4216,NA,NA,NA,0,NA,NA,NA,NA,NA
NA,NA,NA,C7241,NA,NA,NA,371,NA,NA,NA,NA,NA
NA,NA,NA,C7246,NA,NA,NA,278,NA,NA,NA,NA,NA
NA,NA,NA,C8389,NA,NA,NA,545,NA,NA,NA,NA,NA
NA,NA,NA,C8393,NA,NA,NA,163,NA,NA,NA,NA,NA
NA,NA,NA,C8394,NA,NA,NA,841,NA,NA,NA,NA,NA
NA,NA,NA,C4224,NA,NA,NA,0,NA,NA,NA,NA,NA
NA,NA,NA,C4225,NA,NA,NA,43,25,58139.53488372093,10,23255.81395348837,0.5528845978184811
NA,NA,NA,C4230,NA,NA,NA,0,45,Inf,10,Inf,NA
NA,NA,NA,C4233,NA,NA,NA,1547,65,4201.680672268908,30,1939.2372333548806,0.051584999207421496
NA,NA,NA,C4235,NA,NA,NA,459,0,0,15,3267.9738562091507,0.02360035364518962
NA,NA,NA,C6698,NA,NA,NA,898,0,0,12,1336.30289532294,0.010329124077137418
NA,NA,NA,C7247,NA,NA,NA,62,NA,NA,NA,NA,NA
NA,NA,NA,C7255,NA,NA,NA,68,NA,NA,NA,NA,NA
NA,NA,NA,C7959,NA,NA,NA,0,NA,NA,NA,NA,NA
NA,NA,NA,C7968,NA,NA,NA,99,NA,NA,NA,NA,NA
NA,NA,NA,C8395,NA,NA,NA,250,NA,NA,NA,NA,NA
NA,NA,NA,C8396,NA,NA,NA,0,NA,NA,NA,NA,NA
NA,NA,NA,C8398,NA,NA,NA,820,NA,NA,NA,NA,NA
NA,NA,NA,C8399,NA,NA,NA,506,NA,NA,NA,NA,NA
NA,NA,NA,C8401,NA,NA,NA,730,NA,NA,NA,NA,NA
NA,NA,NA,C8402,NA,NA,NA,190,NA,NA,NA,NA,NA
NA,NA,NA,C8403,NA,NA,NA,560,NA,NA,NA,NA,NA
NA,NA,NA,C6699,NA,NA,NA,222,NA,NA,NA,NA,NA
NA,NA,NA,C6700,NA,NA,NA,462,NA,NA,NA,NA,NA
NA,NA,NA,C6702,NA,NA,NA,704,NA,NA,NA,NA,NA
NA,NA,NA,C8404,NA,NA,NA,278,NA,NA,NA,NA,NA
NA,NA,NA,C8405,NA,NA,NA,1473,NA,NA,NA,NA,NA
NA,NA,NA,C8410,NA,NA,NA,300,NA,NA,NA,NA,NA
NA,NA,NA,C8411,NA,NA,NA,490,NA,NA,NA,NA,NA
NA,NA,NA,C4264,NA,NA,NA,45,NA,NA,NA,NA,NA
NA,NA,NA,C4266,NA,NA,NA,1110,0,0,90,8108.108108108108,0.0646614342677075
NA,NA,NA,C8415,NA,NA,NA,606,NA,NA,NA,NA,NA
NA,NA,NA,C8416,NA,NA,NA,257,NA,NA,NA,NA,NA
NA,NA,NA,C8418,NA,NA,NA,940,NA,NA,NA,NA,NA
NA,NA,NA,C8419,NA,NA,NA,240,NA,NA,NA,NA,NA
NA,NA,NA,C4274,NA,NA,NA,0,NA,NA,NA,NA,NA
NA,NA,NA,C6607,NA,NA,NA,0,NA,NA,NA,NA,NA
NA,NA,NA,C6610,NA,NA,NA,0,NA,NA,NA,NA,NA
NA,NA,NA,C7249,NA,NA,NA,118,NA,NA,NA,NA,NA
NA,NA,NA,C7266,NA,NA,NA,895,NA,NA,NA,NA,NA
NA,NA,NA,C7987,NA,NA,NA,751,NA,NA,NA,NA,NA
NA,NA,NA,C8380,NA,NA,NA,676,NA,NA,NA,NA,NA
NA,NA,NA,C8381,NA,NA,NA,774,NA,NA,NA,NA,NA
NA,NA,NA,C8382,NA,NA,NA,0,NA,NA,NA,NA,NA
NA,NA,NA,C4293,NA,NA,NA,307,9,2931.5960912052115,0,0,0.02077175203460873
NA,NA,NA,C4304,NA,NA,NA,1305,19,1455.9386973180076,0,0,0.011813186384769964
NA,NA,NA,C4298,NA,NA,NA,735,NA,NA,NA,NA,NA
NA,NA,NA,C4309,NA,NA,NA,986,20,2028.3975659229209,0,0,0.015791283687693298
NA,NA,NA,C6365,NA,NA,NA,1168,NA,NA,NA,NA,NA
NA,NA,NA,C8383,NA,NA,NA,293,NA,NA,NA,NA,NA
